rid,treatment_group,vas_t0,vas_t1,age,sex,eTIV,lh_bankssts_sc,lh_caudalanteriorcingulate_sc,lh_caudalmiddlefrontal_sc,lh_cuneus_sc,lh_entorhinal_sc,lh_fusiform_sc,lh_inferiorparietal_sc,lh_inferiortemporal_sc,lh_isthmuscingulate_sc,lh_lateraloccipital_sc,lh_lateralorbitofrontal_sc,lh_lingual_sc,lh_medialorbitofrontal_sc,lh_middletemporal_sc,lh_parahippocampal_sc,lh_paracentral_sc,lh_parsopercularis_sc,lh_parsorbitalis_sc,lh_parstriangularis_sc,lh_pericalcarine_sc,lh_postcentral_sc,lh_posteriorcingulate_sc,lh_precentral_sc,lh_precuneus_sc,lh_rostralanteriorcingulate_sc,lh_rostralmiddlefrontal_sc,lh_superiorfrontal_sc,lh_superiorparietal_sc,lh_superiortemporal_sc,lh_supramarginal_sc,lh_frontalpole_sc,lh_temporalpole_sc,lh_transversetemporal_sc,lh_insula_sc,rh_bankssts_sc,rh_caudalanteriorcingulate_sc,rh_caudalmiddlefrontal_sc,rh_cuneus_sc,rh_entorhinal_sc,rh_fusiform_sc,rh_inferiorparietal_sc,rh_inferiortemporal_sc,rh_isthmuscingulate_sc,rh_lateraloccipital_sc,rh_lateralorbitofrontal_sc,rh_lingual_sc,rh_medialorbitofrontal_sc,rh_middletemporal_sc,rh_parahippocampal_sc,rh_paracentral_sc,rh_parsopercularis_sc,rh_parsorbitalis_sc,rh_parstriangularis_sc,rh_pericalcarine_sc,rh_postcentral_sc,rh_posteriorcingulate_sc,rh_precentral_sc,rh_precuneus_sc,rh_rostralanteriorcingulate_sc,rh_rostralmiddlefrontal_sc,rh_superiorfrontal_sc,rh_superiorparietal_sc,rh_superiortemporal_sc,rh_supramarginal_sc,rh_frontalpole_sc,rh_temporalpole_sc,rh_transversetemporal_sc,rh_insula_sc,lh_Thalamus_sc,lh_Caudate_sc,lh_Putamen_sc,lh_Pallidum_sc,lh_Hippocampus_sc,lh_Amygdala_sc,lh_Accumbens_sc,lh_VentralDC_sc,rh_Thalamus_sc,rh_Caudate_sc,rh_Putamen_sc,rh_Pallidum_sc,rh_Hippocampus_sc,rh_Amygdala_sc,rh_Accumbens_sc,rh_VentralDC_sc
1,1,1.1,7.4,18,1,1327438.357,3753,8002,22865,6700,18678,22153,26542,31866,30936,22976,16609,11403,6758,34457,5970,7894,22658,12458,33336,23794,32855,12805,45678,19349,18903,41602,57260,47496,32886,20289,11276,16796,5682,41430,4540,5389,17888,6298,16365,20738,26265,33668,24613,22350,37773,5194,15720,29564,6238,8614,21607,19494,22986,7316,27245,13163,35932,20123,15980,42260,54903,58192,29947,17453,15053,32807,400,32421,62793,13237,49864,35261,34569,32232,5438,83271,46134,22186,54491,41072,32715,28145,19656,77946
2,1,0.3,0.0,44,2,1029001.434,3528,2734,13391,2019,21351,29946,26444,35595,10588,23869,11175,8508,14324,30895,7424,5467,10474,5417,10729,5884,27409,1323,39947,6203,13438,22049,40436,79421,39054,29868,7610,25758,6642,74106,13029,17231,10236,34583,18935,27802,29249,35304,35124,32167,19638,25128,6401,33590,19366,5387,11296,4780,11838,17189,26925,16914,55234,36410,13047,24957,39355,76094,21545,25170,2132,21659,806,26869,72043,6957,49054,32828,39285,31037,1878,98538,52569,7580,39357,17559,49292,41048,4016,90243
3,2,5.5,1.5,39,1,1798650.755,10499,2757,12789,3232,29626,44959,23759,41781,10768,9534,15323,7866,4932,35071,11947,2833,10945,4547,8683,4140,23186,1610,44430,28257,6609,39325,65596,64375,24868,17881,4807,18036,4482,47518,11469,6679,31159,24205,11681,45340,41037,71598,22446,46117,13483,12796,6010,49735,11365,5063,25405,9246,27520,17767,35571,4895,59089,36595,10540,35403,77312,97521,34121,24134,10132,15456,3733,37095,54165,7464,61795,66339,41199,36502,3191,90796,64089,12133,81840,42657,51385,11675,2819,113118
4,2,1.3,0.1,46,1,1667457.531,3113,1794,15462,1991,17050,30333,30983,31080,24075,15437,11350,7677,3329,29908,6556,3660,12691,4244,8687,2137,34203,3254,44962,10313,5528,20950,51114,50922,32037,31795,1313,34671,2318,53833,16454,2430,7060,30569,14649,38667,30186,30121,41943,26455,14574,21482,3374,25437,15349,7793,13501,4191,8372,32045,19978,5409,68179,49233,4373,18629,64516,47806,16375,18091,2575,26315,55,32219,51247,627,104533,81867,46558,24479,1891,126689,98173,3960,110489,54959,37789,30009,1667,118872
6,1,0.0,1.5,46,1,1164399.58,2381,13493,17204,12726,18322,64769,20750,44767,9350,37791,15273,31375,17305,40314,15558,8060,15766,6183,11493,282,33966,8750,55009,20192,23901,23976,54107,53386,45513,19469,886,57015,2638,48369,18046,12058,5851,12383,28749,48848,35700,46972,44604,69221,24178,29324,17460,38906,41315,15083,8867,3190,10114,11024,42248,10105,51169,54356,22604,20982,50704,99399,35038,17095,2262,36903,472,25773,45285,6780,46711,67583,69513,34325,3851,99952,49137,8107,48202,56384,78457,32882,3825,113504
7,2,9.0,0.6,40,1,1464311.501,9657,15171,9186,3206,14612,19226,22044,24827,25678,9161,25397,11720,32639,24022,5173,6140,17531,4475,10593,3740,26823,14688,39071,39344,45945,39312,77813,55632,31740,22503,10104,37522,3239,72013,7648,9874,24544,14374,19900,35355,30203,47055,34201,25917,28517,23449,8108,30780,21020,5896,20914,11125,10421,11211,28569,10604,45921,45299,30927,34170,68093,61599,35209,17538,7764,33947,1373,71695,69778,9545,64457,65030,43528,31396,9756,110938,52547,8216,71385,54316,52962,31773,5106,99658
8,1,5.0,0.0,33,1,1472909.196,13724,6439,19167,5196,31606,47170,39992,44059,11786,38657,13953,19785,15671,37435,11635,7275,19563,5637,13546,4933,37021,4405,54332,12311,23852,17220,68050,44334,47765,24341,5913,34018,5319,76164,5554,11424,20562,11349,21584,36074,38258,55796,39713,53496,18450,39958,10996,62607,21259,6789,14190,9892,9990,28081,42122,12657,51678,38972,20632,42481,78443,83002,46022,15222,6244,32934,684,56177,60356,32621,44669,53679,69439,41214,11913,92387,58658,32781,41567,40185,69847,23690,4622,78924
10,1,3.04,8.4,47,1,1282367.848,17621,11678,10471,5705,18521,40760,16149,51862,27587,50825,11846,16757,9339,46277,6109,4085,17514,5464,9096,5058,47865,12970,60033,25655,21034,36905,59003,58951,60365,18287,11054,25908,1443,35371,23369,11218,22306,18119,12358,55882,37135,40105,38612,48470,10749,27461,5668,36471,20620,1902,15509,10410,12270,19648,30637,9135,55478,35652,16969,29808,51009,65786,42315,28212,12484,25826,70,17705,69652,7030,43229,55852,70081,27143,6284,97594,54716,6941,55092,43973,62614,16909,1702,88556
11,2,7.6,4.0,24,1,1735331.627,7852,14532,16388,2311,15902,33030,26948,44280,26172,24038,10486,18613,18195,43305,11772,14933,12282,10040,7700,7549,23703,10452,45281,22064,9355,35407,72311,46890,25194,15394,12797,31113,4311,35505,5014,4107,32743,31778,6436,40062,30627,35224,24084,31866,18162,37594,2618,38789,8161,12232,14923,2475,8345,23148,18666,4627,63297,34073,6964,34992,72637,65167,30355,14882,13416,15248,318,24119,72263,14017,55512,64434,48772,32749,3741,117030,50471,11541,53872,53420,54056,18080,1803,88297
12,1,1.3,1.9,23,1,1600855.4,17135,9432,10847,3262,10079,26402,11570,27669,12104,12056,17510,16753,6510,33830,5111,7332,25970,4123,17962,2312,45467,9133,75310,12897,23525,25200,66605,32018,51695,20730,8376,33648,6863,71360,13289,5362,9128,22052,10200,33854,46362,34559,32525,48762,18794,27018,21078,41216,15534,2316,15993,11022,15591,19024,38550,6954,63103,32884,16348,21258,60131,59292,29199,23428,12136,17784,586,28089,72735,9494,41572,46367,47458,40440,1744,103903,68864,5467,38554,39251,74500,42619,2377,112020
13,1,0.0,2.0,33,1,1434115.26,2810,8233,10725,4453,22181,24421,11773,31910,8727,17132,6787,24151,4143,30529,10549,2587,15736,4731,18132,9279,34897,7341,51648,13574,23505,27436,60122,26989,43698,15243,1026,31694,2322,68824,5993,13260,12009,17278,10277,31307,21785,31210,32607,32369,10325,22080,13353,24677,13821,2745,12369,9971,12707,9211,32372,10357,52037,36777,21178,18851,38147,44910,24222,19387,2272,23673,58,45614,65582,19090,54582,64872,50924,35096,9942,88218,70189,16454,58799,48128,68065,35323,3589,116960
14,2,0.4,2.6,39,1,1445594.705,18814,13263,23256,2489,10096,29290,33353,41609,32161,46150,14687,25850,18580,28417,6530,14001,22056,2210,9643,14076,32746,18006,46946,22341,19640,9585,83502,108825,29683,20400,2567,17981,569,63419,25663,3356,10154,5064,11613,28326,50183,43421,26614,59507,23559,23369,5921,41218,11702,8071,11054,6290,12451,6037,39757,11106,45207,20650,13230,16720,73427,88930,28314,19932,4622,15653,476,49397,62835,7398,58119,57733,67287,20192,5755,104783,38674,5473,69612,79487,90453,39162,4577,112029
15,2,2.9,0.0,37,2,917865.8951,3714,8234,10343,7477,9733,46623,17293,28345,21130,43022,6454,17117,14874,21286,9775,7874,17587,2703,16179,7954,27145,5841,37546,15950,14017,20935,80881,53088,49120,19406,4223,24719,13264,64433,17360,6560,13593,27063,9527,32899,54456,42770,31093,86349,25644,30717,15512,57386,9899,17615,9868,7598,14670,24923,53501,12756,80561,51932,9172,32998,94540,113947,37194,25032,3170,17971,371,52347,55188,9781,64619,51973,48917,33378,6002,117045,53886,7863,69382,41767,56305,28696,7922,111763
16,2,10.0,7.23,26,1,1591991.418,33982,15651,11981,3702,14163,30919,41673,44728,11022,19676,20936,7122,8826,52950,4924,2380,9460,16457,19295,2991,36069,10655,56536,9714,23157,32597,97791,59617,60599,32558,10606,34873,2671,42739,23180,13263,6076,9557,5510,39621,26360,44357,32771,53761,24859,25668,10892,51153,10745,4493,14040,8418,18604,23545,35413,7784,61699,40449,14982,46523,42712,64469,42904,18736,4288,13758,171,30905,55682,9267,64381,101501,60444,36285,3599,135045,52639,8115,59094,71972,70330,24441,6595,128276
17,2,0.47,0.0,27,1,1286291.375,13817,5960,15614,3215,29120,45594,24203,32005,18535,25888,23991,19508,28799,32000,8927,5769,15218,8701,16611,3737,19928,8077,48936,38629,24542,35183,84712,50428,34709,14248,5687,47050,5108,65081,10372,14298,20335,38207,23600,68840,52868,46198,46513,47439,39783,40482,10749,42016,20600,2752,25463,8808,22546,32955,49093,12057,77000,53831,15803,46328,69881,81885,33968,20280,290,20303,1135,59360,57932,6215,81304,64681,70298,44767,8703,106597,71696,6296,91449,55202,60196,22066,10766,109082
18,1,4.6,1.2,27,1,1406717.299,12033,12490,9451,7594,27465,63787,17237,42493,61429,21072,14518,67392,28268,35828,24971,7153,12782,5240,10343,20892,27378,17031,35889,27277,23995,35202,60613,40751,51022,17981,6909,45693,6371,72886,9088,12020,21705,11708,18701,74423,17355,47758,30934,40109,32347,46818,53337,40042,46985,3562,19940,5414,23201,4398,27264,13254,56714,16546,21973,40731,50712,70157,32598,13823,3751,38702,1257,63506,86015,30289,67397,41780,93790,59161,6712,118140,71344,27842,83865,75038,126678,103112,8473,144931
19,1,0.8,0.0,34,1,1589365.953,4637,5281,16951,433,15005,25122,13410,24119,12913,21574,17554,14681,14999,17998,6035,23939,28553,8165,18501,8725,36876,8003,64712,18561,23424,30812,79727,52414,31287,14948,5627,43502,7186,57857,15407,8129,14214,5029,11785,23600,23196,31320,32150,46631,15398,21880,9936,48227,7012,10203,20290,20954,20750,9253,58022,10037,67791,35385,20505,45066,43770,102868,50182,24492,177,12509,39,44540,66173,21044,74310,95268,78840,32039,3636,135303,68510,20964,100039,84917,80286,17489,1060,165028
20,2,10.0,0.0,34,1,1426200.035,14770,13014,23703,6310,10114,33841,14207,37123,9271,34009,24440,27965,11845,35213,9363,3764,22216,5556,12761,8409,23388,12830,49172,9606,19792,37494,84653,36511,50985,18907,6477,29649,10331,106477,10472,10830,20954,17407,14881,36010,27498,31984,35973,40113,19623,32881,13182,37525,17703,11992,24856,9806,15554,29513,30065,12666,75017,48096,16470,31460,101033,57187,35969,22936,6775,23631,344,57925,63829,14762,63320,54892,71405,31767,3152,112482,46261,3216,82175,65438,54850,18657,3374,115875
21,2,1.0,0.0,32,1,1744123.378,14515,9122,21685,3561,22436,34029,33277,47392,23543,15583,36686,13129,37686,55414,8339,4381,34403,5202,20117,3191,32550,11473,51748,18726,40541,35863,67377,34278,56752,31769,10490,34221,4473,80548,18014,17328,14273,3813,18329,54653,30465,88595,32733,42179,25929,27666,36049,50476,33292,1130,31126,14198,21270,16849,30633,11158,54141,41202,35148,21380,59786,57947,31361,31033,1286,19058,462,50308,86014,5051,107306,97114,69852,53982,16056,139524,66673,11416,56441,51116,82520,33639,5312,103580
22,1,0.2,0.0,19,1,1828687.324,5176,13135,8031,3184,41007,41640,21853,62411,19436,21400,19172,16066,18118,20365,22485,6620,16006,7953,14221,4940,35909,2210,81685,28281,32564,39044,74095,52633,42059,33155,13187,25110,5106,100241,13675,7056,7125,2215,11243,48840,24694,62475,27746,48633,34414,26460,11128,28445,18357,8456,17826,4499,12088,15066,56533,6338,61406,23744,19652,23683,56665,62259,23592,12423,11213,12049,373,62655,72522,14814,105159,87294,115529,46490,11321,138601,69386,12051,75436,63647,102242,24812,9137,130401
23,2,0.0,0.0,42,2,1497274.139,5603,7764,24248,6541,10857,45412,29089,47238,30674,20027,15919,27476,13540,36326,10649,2880,16481,12920,13384,6249,21379,4331,43294,17285,16264,21791,59412,49885,34188,9588,595,24342,1950,51364,19618,8070,7960,12812,18022,50892,26749,33951,57462,49517,26728,55997,9640,43671,16954,3845,15327,10449,21900,50739,36444,9767,50945,34244,15661,38097,74312,53066,38861,22647,2334,16056,253,54775,71652,10607,42148,52564,62123,28332,1346,105901,25143,4300,84874,49986,58668,26238,2413,82113
24,2,0.0,0.2,47,1,1151403.232,13411,5761,29699,19637,10320,65663,24206,95549,23441,39038,11392,34080,15474,89774,21873,21390,36661,10006,20004,25824,45247,9001,70970,55096,20974,39284,101651,114731,58205,29968,3603,20828,3423,77376,12170,5184,16830,18519,16948,83585,40736,82237,42603,48751,19509,52551,10489,62089,27202,16347,18197,14656,18691,33246,45252,10914,72782,49592,21249,29711,90079,108005,64401,22566,3742,20423,2108,87309,55810,19950,109262,95189,122911,44541,3708,129402,56421,15243,69135,49428,84909,30147,4739,98092
25,2,5.0,1.5,36,1,1375988.526,6685,5432,4291,9738,15569,25847,10616,25972,9044,22007,22846,8637,32318,33617,8584,5342,18440,3081,19003,1150,38056,3919,53531,30124,32386,26907,52005,40263,27053,11617,3560,30844,10133,70670,11216,9581,14398,19501,19707,40011,39983,47497,9389,34143,20062,19496,11162,55506,18176,6888,18793,11006,9895,6977,37764,3701,59394,45590,20266,29958,54581,103563,36873,21287,951,12924,231,71299,57486,6781,80713,86542,69313,60600,4619,107307,63865,12988,65009,47184,58616,25542,7451,106076
26,2,5.0,2.5,36,2,953447.8103,22675,6645,19509,12763,24714,42897,44286,45669,16853,23369,21100,23286,11794,51207,29540,5781,25866,5952,12427,9262,55904,6934,79984,18403,19942,34218,77526,87593,72042,48837,348,34775,9907,117495,9339,9620,19561,11086,15433,42612,35816,43337,34349,68125,29200,44162,9737,55361,25611,4052,19434,9482,14022,8286,46416,14076,80982,36803,18093,20070,50002,76902,38194,20175,250,17312,481,57679,84002,22561,77252,49230,82034,50261,12157,121326,66825,15062,53366,44918,81212,38174,4682,103123
27,1,10.0,5.15,32,1,1164877.976,4248,4303,9962,8742,13276,31252,22335,34995,2272,8142,12809,16431,56176,38176,8923,26077,13555,10670,8437,6902,56000,3541,74862,31133,15568,13701,69954,33103,31071,20015,3973,35921,3663,101404,19601,2664,12539,29772,9680,36992,40427,65105,4126,28859,39899,22005,20491,39062,14035,13323,22157,8402,13474,31378,30304,2942,59962,64192,3529,21232,76405,51693,22273,26635,2562,21065,153,51045,74746,9393,65538,78637,56766,59935,9511,144419,40536,10579,65230,53047,65743,25658,8293,112462
30,1,9.05,5.0,43,1,1328890.319,2785,6083,11384,555,25844,33607,20603,20249,10182,33481,20129,19630,25711,28616,4610,5406,18181,4700,10717,6334,48191,4668,46723,10093,44568,34502,77848,47286,43793,13047,7318,36317,8160,64908,13029,9546,17064,7079,24581,51684,57136,59929,38933,70755,29320,36227,18848,48733,28162,8204,16327,8594,15619,6790,56736,12993,85105,41042,47244,38843,41411,52777,48831,16702,19157,39820,256,39614,56644,7156,72678,65068,47451,26279,14023,84359,81363,16830,71182,51785,75449,22587,12445,103411
31,2,0.0,0.0,32,1,1250820.328,12253,11128,9127,2580,12439,39181,17588,38652,8409,20157,12324,6365,6554,50264,3645,1521,36521,11303,25237,1420,19737,6679,45847,8773,29820,28570,53831,28427,45780,28306,1710,32167,8745,60175,9813,9633,17662,10600,8857,51704,37466,55728,26775,52295,17226,14718,9332,35561,11031,1146,32359,7300,20701,29334,27478,5632,44183,20466,23267,28482,57543,59168,29073,23149,466,13046,539,43168,65518,22644,44338,41792,47099,42712,2291,85883,56437,29515,39134,35279,50072,17060,1931,76185
32,2,10.0,9.3,47,1,1558212.198,4707,11081,22596,5730,17776,36468,22063,39962,15058,21574,19356,10912,15905,38058,8705,7062,26158,14771,16147,3713,28238,10002,62470,23435,55451,31561,94765,27757,62532,34668,22626,36763,4292,78871,21217,10821,7542,13987,6030,34687,46712,78220,26475,64225,16412,17669,19441,59595,3140,5380,13047,6034,22239,30800,35677,5804,60016,34518,56127,51194,74277,52618,31068,25692,3024,16035,10,27960,68616,11212,72790,66645,59248,43314,580,124299,68020,10354,49782,45184,58495,11428,1248,85807
33,1,1.35,3.0,25,1,1673313.54,13910,3842,10605,3816,15091,55250,37695,62037,33424,44568,26915,23861,31785,50126,5633,13641,23600,7227,15002,2106,39386,4100,67760,29393,18497,42048,121528,84696,57932,41666,16292,45458,2641,144369,22451,4158,18906,10604,19105,70384,42488,86379,83607,72163,20910,46385,26364,61520,5104,8954,13036,6594,7449,43710,67295,5099,65254,80406,12643,41402,85612,69671,48865,29412,10535,16207,582,66208,55784,14703,124163,93750,72935,58945,6331,133937,65466,31732,90547,73481,86153,47886,7516,148307
34,2,0.0,0.0,37,1,1361597.325,3443,9144,27186,2325,22192,37421,24875,38785,14379,36672,45490,24433,20759,38569,10102,4894,13782,13657,13647,1978,39381,10926,63557,13267,47730,60137,92647,56873,59817,14865,8020,51260,4751,115243,11029,15775,18262,18545,9233,55377,25477,67531,27944,89229,53571,48668,23747,70592,14552,8243,13331,20292,21229,70887,43771,7177,71702,35541,39426,73125,103444,64577,62458,18409,18102,40913,1269,47709,91947,9507,76445,74469,76852,40834,10898,144224,49553,9554,108827,84345,119992,32096,10868,136383
36,1,2.1,2.0,41,1,1582964.543,13661,23992,8300,4023,8722,42053,13180,33484,17769,23375,19275,18161,20986,39729,5990,6245,17650,12675,23934,5742,34732,18123,44149,20409,40541,36621,77118,47698,52946,14602,1506,27562,5170,83650,43747,12452,9242,12430,10793,36936,28301,57091,22121,46446,34316,28273,17297,50265,11434,3756,17247,10513,24703,25260,43610,13269,62337,45619,29277,18027,44345,53288,40165,24573,263,7226,1360,32315,88342,9092,106853,75490,48555,37198,3743,131962,78854,3075,108657,79591,50485,22597,5711,134847
37,2,3.1,2.4,25,1,1608904.6,23793,8731,24835,4029,39435,26713,28201,48836,11633,29872,20757,4556,24590,32446,3459,4196,28366,7908,21644,2017,26701,7830,57756,14634,24852,43770,73828,49450,48415,47883,21159,50758,1315,68297,11541,7722,16496,15157,23123,48653,69681,46549,27516,35214,27022,19639,14644,34899,9731,4196,15632,3740,16381,11661,36733,9768,83992,23444,17342,61977,106438,93781,37498,22369,13066,27410,1292,66587,82616,26813,49840,57460,62306,53757,10267,135025,59868,26030,75886,49946,56628,35571,6279,120733
39,2,0.0,0.0,36,1,1555040.668,62989,6733,33787,9502,6556,40366,70388,81580,26176,39181,10440,16212,36881,68986,11378,20377,19372,16007,24091,4407,27025,6882,47435,15054,25346,34092,55226,91165,67206,65576,1112,16390,6357,57580,28351,7618,15153,22073,16230,39092,49100,69538,55366,70310,16154,41294,14753,56823,18916,6308,19237,11447,10792,47493,46346,10057,63718,69300,25303,32773,48415,103357,36393,41316,1811,10761,227,45569,72446,18497,76813,86484,70273,39415,8167,132632,47388,10988,79772,59512,61136,15601,4551,103406
41,2,6.8,1.2,33,1,1536095.526,4023,16116,21803,984,21311,49075,35993,72669,54008,20547,36513,8955,42728,63860,6495,5580,16456,13825,15913,5763,43103,14442,73892,17197,77407,64281,145641,40029,58758,30862,7237,51732,5929,94058,15858,18257,12679,27379,20375,63805,28119,77991,64634,45883,32596,32622,37798,56366,17402,5031,16941,2635,9777,21690,51228,18212,95911,60849,72735,58935,101685,66456,42486,32734,12206,31845,239,63911,82212,27357,101397,81249,80446,54951,3118,156090,75031,26040,97441,77494,110381,28742,2747,156569
42,1,2.1,0.9,37,1,1680500.487,13697,5418,16242,3005,18168,55061,19053,51836,27933,18604,31878,12926,39198,30596,9210,4640,15082,13223,21462,3539,18044,3978,41687,16888,15646,44018,67831,48970,61110,35543,17530,28142,5928,121615,19170,3844,11224,12999,16687,39917,52464,49138,49303,49791,49966,16343,15549,51498,30052,7340,9754,16453,17712,17275,32244,4461,56653,54382,12152,31810,56475,62393,35810,20113,3387,23580,320,44086,44313,6471,107608,70892,50725,44672,12355,101430,48591,5140,89707,73673,67719,37423,13137,150664
43,2,4.7,0.4,44,1,1541463.885,6771,12478,12416,6615,19964,36386,21054,40117,19947,18440,7523,11566,4905,36713,9540,15474,13385,4671,12455,11114,27730,9033,38295,21269,21066,22065,63808,54331,47312,25045,3144,23608,5036,67810,27654,4900,21861,28233,4833,36836,20083,50022,34786,36963,20131,23112,10036,38747,2984,17611,21210,6472,12398,25156,42790,8262,67228,54623,18269,18026,65243,61304,33092,32071,640,10796,959,47998,67401,8109,54983,40435,43780,25659,355,83106,47232,5710,59266,30509,40009,20943,73,96213
45,1,4.8,2.6,29,2,923263.1776,7321,13490,28255,682,15182,29207,17495,46657,17197,28488,19933,13455,11236,35303,8406,2122,16415,4268,9854,2841,28631,17099,35576,10206,24774,47283,80950,39891,52226,22262,7242,35049,13496,75019,14244,21236,38753,18207,18572,52627,39976,71517,31346,54652,21683,20300,19141,40852,11794,2824,14453,10954,10176,14352,43805,13022,61648,29257,19990,64450,45070,63908,40805,53850,8879,29196,170,37285,58815,11676,65075,57958,61193,36074,2809,94961,65598,10465,59079,46899,79909,25984,2497,111035
46,1,1.5,1.05,40,1,1559457.331,7308,9482,13858,12743,8102,15963,19942,26229,20188,25539,22918,6458,32880,32294,4533,2579,24023,7081,15537,4312,22746,6207,46649,13880,24450,31872,56624,64959,32151,20046,1186,30647,1196,50355,27110,11975,11628,16595,15810,39973,45565,44511,37914,61088,20513,12793,12454,42931,13020,8996,18532,5209,16150,11599,36412,5925,59142,53231,19808,19012,50008,71336,43145,34518,3304,9730,60,50742,76134,4987,77660,76683,69943,45603,9161,144870,73717,2780,94343,74893,69371,28816,6717,158776
47,1,0.4,0.2,25,1,1571263.237,13387,7469,9212,7724,24182,32084,22786,38774,18586,12560,14014,9476,21177,34190,10653,4288,22522,12588,10946,5629,34347,5709,53025,16523,15202,24973,86072,48229,54035,23096,4609,39402,2956,78283,9595,8090,7744,25986,16123,29257,33543,40323,28216,35134,15743,9064,18040,39027,13752,4730,17697,7293,10952,8720,22286,6117,57623,39720,12213,16873,93226,69147,42103,9191,5080,13773,579,47349,54321,11160,75254,36661,52922,20951,10905,85728,75157,18809,54129,33069,50509,17394,8725,99979
48,2,6.9,2.9,30,1,1668046.417,16383,13034,13298,10962,21293,26623,34495,45695,29824,8432,9436,19023,11454,39392,10047,3389,24882,13122,21052,8198,34813,8907,50537,11754,34490,29769,51790,69096,42232,14343,7665,23278,7724,33300,21510,4895,14510,20864,12627,21184,43637,36936,58540,41563,15062,20992,6340,48263,12404,5342,35157,10718,30158,22011,78690,15926,65520,26890,29540,19479,58520,45192,31023,25415,5678,7596,1205,18645,87021,12731,60263,55996,69045,28447,4217,104501,75581,4249,61035,55297,54599,21365,6551,118096
49,2,0.3,0.0,27,1,1152346.202,5730,6890,9678,2853,21215,37530,18188,47775,8913,36804,27189,17398,26341,35288,10950,18206,28231,16628,25683,11686,20178,4913,49512,22706,24688,42769,87554,55330,58167,20914,13493,42970,9345,114952,10936,5752,22527,13001,18768,43135,43029,58216,25498,50019,21044,33898,12135,37333,11369,16721,22406,8768,17914,36424,31271,4484,55873,57211,9407,38486,77006,76891,31190,21423,5896,20617,338,51663,61424,13730,77948,61770,68390,48781,6748,109481,40237,4305,61635,59616,72415,39479,5004,100309
50,1,2.5,0.5,34,1,1478053.691,28475,6748,17184,9155,23551,42745,19798,54415,17502,33521,25563,41768,20423,34051,17716,4935,14827,12154,8968,22880,36252,3857,83214,15315,26223,31678,83194,45222,50408,15277,12773,43656,832,82457,10392,6564,32695,19768,20808,45170,27141,60290,35149,57042,18730,44062,8496,43907,17467,5622,11074,6474,12875,21458,57147,6337,72660,35703,22301,24472,89372,81932,35194,23244,13016,19750,22,55994,68225,24451,74211,75489,94686,53193,3504,126320,49241,19364,73085,50311,91024,35872,2047,115602
52,1,0.9,3.5,36,1,1122671.404,6371,9858,11094,10191,17747,28439,18249,51930,19128,8989,9536,4936,13299,22715,15215,3380,24223,13713,33160,2423,16161,12162,56141,14549,34995,55133,72461,44599,33302,20287,1710,25095,2975,75585,12300,15708,9959,34362,10700,34278,37984,55840,30896,36806,27326,27346,20115,51043,8485,4386,10235,8221,13713,28595,42298,10919,63077,60928,41361,44133,59812,90433,39143,11963,21012,14947,884,33119,84697,25266,64606,49069,61136,37928,1499,111831,40213,12291,75230,57846,60598,29830,540,107640
53,2,3.0,1.6,38,1,1601462.145,4206,7560,9432,3258,22354,37386,20708,33725,8768,23287,10117,5977,6251,27046,9186,1664,15966,3486,7716,1944,24610,5848,53676,7323,14701,12029,48732,27217,35593,18441,169,26882,5830,81300,18195,10643,11243,9974,44941,45299,28131,35656,57196,29981,17306,15158,16486,50154,39297,2401,26157,4815,21727,15465,40688,11166,60861,48715,16566,19190,51276,43549,50259,22075,2068,27853,1437,70694,64534,8023,67630,53358,40240,38205,5892,103482,60143,6858,75308,52679,56677,28180,11297,107404
54,2,2.1,0.0,44,2,1019487.271,12769,7783,9401,708,14565,23181,19862,27558,35102,15028,17807,11105,25567,16914,8610,3703,20247,3164,15033,1543,25208,7598,55971,11344,23149,20097,48218,29397,31360,20390,4787,33140,6553,61663,11924,12753,11318,16514,11301,59363,28004,54392,45114,53887,20049,36079,10938,32201,22166,1116,11624,11220,13573,11683,42765,8096,53651,27902,21184,23023,41322,79085,28258,24588,7404,25596,646,58816,56192,6967,39092,43737,54361,23970,4376,91461,44940,12913,49723,39201,63546,22369,2704,95574
