rid,treatment_group,vas_t0,vas_t1,age,sex,mean_fd,lh_bankssts_bctstr,lh_caudalanteriorcingulate_bctstr,lh_caudalmiddlefrontal_bctstr,lh_cuneus_bctstr,lh_entorhinal_bctstr,lh_fusiform_bctstr,lh_inferiorparietal_bctstr,lh_inferiortemporal_bctstr,lh_isthmuscingulate_bctstr,lh_lateraloccipital_bctstr,lh_lateralorbitofrontal_bctstr,lh_lingual_bctstr,lh_medialorbitofrontal_bctstr,lh_middletemporal_bctstr,lh_parahippocampal_bctstr,lh_paracentral_bctstr,lh_parsopercularis_bctstr,lh_parsorbitalis_bctstr,lh_parstriangularis_bctstr,lh_pericalcarine_bctstr,lh_postcentral_bctstr,lh_posteriorcingulate_bctstr,lh_precentral_bctstr,lh_precuneus_bctstr,lh_rostralanteriorcingulate_bctstr,lh_rostralmiddlefrontal_bctstr,lh_superiorfrontal_bctstr,lh_superiorparietal_bctstr,lh_superiortemporal_bctstr,lh_supramarginal_bctstr,lh_frontalpole_bctstr,lh_temporalpole_bctstr,lh_transversetemporal_bctstr,lh_insula_bctstr,rh_bankssts_bctstr,rh_caudalanteriorcingulate_bctstr,rh_caudalmiddlefrontal_bctstr,rh_cuneus_bctstr,rh_entorhinal_bctstr,rh_fusiform_bctstr,rh_inferiorparietal_bctstr,rh_inferiortemporal_bctstr,rh_isthmuscingulate_bctstr,rh_lateraloccipital_bctstr,rh_lateralorbitofrontal_bctstr,rh_lingual_bctstr,rh_medialorbitofrontal_bctstr,rh_middletemporal_bctstr,rh_parahippocampal_bctstr,rh_paracentral_bctstr,rh_parsopercularis_bctstr,rh_parsorbitalis_bctstr,rh_parstriangularis_bctstr,rh_pericalcarine_bctstr,rh_postcentral_bctstr,rh_posteriorcingulate_bctstr,rh_precentral_bctstr,rh_precuneus_bctstr,rh_rostralanteriorcingulate_bctstr,rh_rostralmiddlefrontal_bctstr,rh_superiorfrontal_bctstr,rh_superiorparietal_bctstr,rh_superiortemporal_bctstr,rh_supramarginal_bctstr,rh_frontalpole_bctstr,rh_temporalpole_bctstr,rh_transversetemporal_bctstr,rh_insula_bctstr
2,1,0.3,0.0,44,2,0.1987317949289142,0.21068147951940552,0.25675985973442833,0.3016517175576983,0.23350030516785616,0.09738186707205083,0.10584897194947035,0.2325355632512139,-0.1261375947034904,0.21703045910186858,-0.006035510929186933,0.20861629403161536,0.1863723991379098,0.08079103292337382,-0.12106220530820311,0.1346209119426822,0.3468381276655457,0.22299229101951396,0.0446567118112694,0.11784100461799499,0.25647680755728003,0.29856455470441634,0.3042142066794487,0.35126518488898817,0.2926879607763222,0.17049392589490267,0.30188216297432335,0.33776212046909665,0.25967927613048825,0.1830493304600598,0.285402557546346,0.1056344505102711,0.2380287080138024,0.2008979949367615,0.2113351924886902,0.0542358868268059,0.26122018004668196,0.29891761230031005,0.1739449821990453,-0.03192454689381336,0.2413021931387731,0.13482790422432092,0.1632816826898915,0.2388795340778759,0.01844259925050119,0.10289317227140128,0.11163375910820834,0.1261022262422833,0.20283163764400966,0.18311101608375288,0.3332295705248354,0.1849540024100371,0.15302453585448486,0.052347878325428636,0.17645371316824296,0.26335049403249206,0.32722451749676945,0.31397179783350354,0.3164953376411777,0.1738949357674753,0.2632992874046921,0.3534951671710638,0.2642228033940906,0.11574748190787636,0.23248654063482346,0.14608631672647626,0.13731691540733226,0.20530648368670928,0.06494042573764235
3,2,5.5,1.5,39,1,0.3839142109021058,0.5338475563149473,0.7088997401956088,0.749196368726083,0.4762009485691933,0.12000885065782575,0.6868001898957082,0.6261459374131825,0.4645592549250466,0.5289974764327826,0.2367563041203736,0.7312233294992087,0.44572483070876695,0.6059781284090384,0.44293517772562063,0.14805062075199368,0.567567119400214,0.7327062661943419,0.6538890700452984,0.8212382731751078,0.5144518284470124,0.6307069112390818,0.5519355872964076,0.7046476254326174,0.6994396950909337,0.696313642471054,0.8344559437679447,0.8234671023161976,0.7952254096198259,0.727104725985857,0.6836115070242592,0.4255111749571971,0.6675161934716289,0.396870499713272,0.7101521018092828,0.7495101679190953,0.7894905265336428,0.583297110513115,0.6388784398059275,0.41133406697063474,0.451746555248523,0.7248375126152921,0.18544423348245975,0.6370364437823988,0.11555945405001498,0.6809364504399689,0.5782739260842459,0.7182291067594555,0.35998817805953454,0.3589614168462116,0.6370255915743029,0.8057198469170949,0.5613730386089616,0.7776755286039104,0.513465608617358,0.6153238198727126,0.5915676088490862,0.7060122744435149,0.761157193684093,0.6680793561888719,0.8683165589257312,0.8442074745728018,0.6320661490801788,0.8421110446369362,0.7750512427113565,0.1727533098843639,0.4834696051736168,0.12440646856783703,0.839708070258928
4,2,1.3,0.1,46,1,0.435747800001357,0.24855825438513998,0.42113158042389154,0.42675341218670093,0.12711069330380523,0.22867053761974585,0.3208058447593839,0.23864322200354512,0.2554822606717833,0.24176437581758387,0.06012953767338076,0.3329059073721212,0.1311384936731675,0.10847845574622088,0.3443483281797584,0.33965708765888597,0.38562388165934575,0.4011024530177334,0.22081294138869184,0.38588527428785857,0.16050126635321382,0.39191147471429477,0.3966750876152569,0.42812115501620757,0.2948176318977406,0.1512493509203799,0.41213470023651194,0.449291997348948,0.2981748823645909,0.3665851193709841,0.45363582025302374,0.12029428899596784,0.2612013365580441,0.3741500361172614,0.4225851290830636,0.311210461192594,0.3766838368574054,0.3671084787663797,0.1652257448187746,0.21892996618338817,0.07179389999234465,0.2299826800846803,-0.04319770165939979,0.2779041852318184,-0.03213805566595371,0.3051350828281854,0.3028263539812171,0.10836162261953952,0.0754847026508564,0.3236158779815615,0.4377768735804116,0.37218873138599956,0.05082981182460761,0.07478922272802319,0.2515275294782994,0.40538371547508356,0.40601162297496457,0.39486711403512004,0.33470974468228865,0.20761356868513883,0.40125662643293875,0.45306912515581005,0.18987590725990097,0.25257272138335074,0.3876614218954089,0.133002124963491,0.20176387765007095,0.3323252322101239,0.392500500799812
6,1,0.0,1.5,46,1,0.1821626416258134,0.21744380247790662,0.21404748060761405,0.2342023382603466,0.20952146100558036,0.09845208323737346,0.23233602475371729,0.2464399033899254,0.22987674432111607,0.1879593997712682,0.17961004488409285,0.2984931796428222,0.19255590713462678,0.31351572002468764,0.3378616652106664,0.1016002072770283,0.3298416194225385,0.26486323263795575,0.24534312060226182,0.2671522152000065,0.23335881796467556,0.31598820877122646,0.29513406503023265,0.34615921608750816,0.2466476557771962,0.28314883096337484,0.35588189558455813,0.30357055245946307,0.2793654106696931,0.3514034698246518,0.3087277082287715,0.13173758081781028,0.2186605280016333,0.15080790427869162,0.3099097974809262,0.26926426238831247,0.2233641036811899,0.3417370915274069,0.1795159801070552,0.20901438723935628,0.30623650692442095,0.23175181494205302,0.3100629152672552,0.16047997327618266,0.13123654023383738,0.24515826235815683,0.18530863281387494,0.35517861933728806,0.3183655805015651,0.11535663848332592,0.3148146150949766,0.20479989408420043,0.25161164581626644,0.19223535432793293,0.19108145289598305,0.28503165414851067,0.3275278455582441,0.3301801404526688,0.2480409748517349,0.34584883589207094,0.24908889704342363,0.32122779683862485,0.17038337346011612,0.29367680618153136,0.2503860830928243,0.23251092297096929,0.24456161024387624,0.14395334550172,0.2423654576545438
7,2,9.0,0.6,40,1,0.2557042868993417,0.33793820114111,0.23068851790233985,0.2955002540533729,0.36116038639743014,0.26858597234799686,0.40102263053801945,0.28925422542307017,0.3638610935904357,0.3378265492936951,0.26183502347845605,0.20275144811499232,0.3852518796938939,0.12472567050312242,0.27579814989837487,0.3052557905888121,0.35073546418471835,0.2864108183919239,0.038640268603631865,0.19764213376913436,0.28476355000839204,0.3274886379609906,0.3328056397045713,0.40159703216067205,0.3984239245109541,0.1624662505898991,0.20444821057084214,0.2840745924445893,0.3777977617936125,0.4086131667239585,0.35724170814970135,0.08726961270719814,0.2803832356427845,0.2582431247427091,0.392301348819538,0.28846924015101916,0.29453338559565534,0.22194024554318714,0.33061090054681236,0.20783169231744886,0.4061315833324715,0.326890712812219,0.2986010860815433,0.3694195375213175,0.26301350873302753,0.20656543035159283,0.372458719079485,0.15305818053172054,0.3740450573105151,0.325100393636824,0.34988515978105345,0.17527996878305416,0.1242993344659678,0.2157679973796934,0.252373985914626,0.280992628279916,0.3157259733992719,0.33274071823782125,0.4180306906670319,0.1831035392324725,0.1846284002088831,0.32660116570142517,0.3076309885338092,0.3541776182252175,0.23426872970040488,0.14392615386055232,0.196559635618065,0.2573950051926497,0.3288470315981711
8,1,5.0,0.0,33,1,0.1464115417746291,0.1718609557521881,0.2231999078331139,0.20237788148485797,0.20153555951009286,0.1609828872999276,0.23903132938748078,0.16213966884339204,0.25239417042400775,0.2024672339437653,0.07906646170101403,0.2677059138260254,0.25920946511867404,0.15358645196270718,0.2346723735864786,0.13558201104915377,0.1663446939165522,0.21443371739321573,0.18444895320787247,0.22628767004158631,0.2324334935971852,0.17403882000847942,0.23652115023969897,0.20667140002007156,0.22455813748471593,0.18415878068662547,0.21392089590033878,0.26067541473542694,0.11889264001963737,0.2404334739516576,0.21288496784821495,-0.007361648471053209,0.15553832320981376,0.1386597811714827,0.23213678926552725,0.13985417812807477,0.254888904424517,0.12186517949607215,0.28476874786053186,0.1264343786778181,0.20703878951353064,0.1818753796651484,0.20857590585414268,0.21871169791879919,0.051067329545734834,0.29380760687952,0.2702788066566624,0.21216396405928847,0.29589170377670415,0.11420731286278005,0.19244262535956283,0.21699159955881406,0.2239339405750611,0.19481512699817138,0.25692250485947093,0.1746251366660355,0.25272018850416395,0.24079412204767633,0.22588576908430452,0.18545139425183715,0.2105990300824493,0.17719248692495007,0.16138975907091985,0.22972258440795587,0.15672036495856165,0.22980264906046396,0.12770074934899614,0.09665864647744081,0.20295178440593445
10,1,3.04,8.4,47,1,0.1074229593724602,0.1508698942681002,0.2195488223649455,0.1729526503327128,0.24157966692704236,0.1364563041853582,0.27312076379824374,0.1259344074998276,0.2545607864544709,0.18833488874776894,0.10990230738942516,0.21831704476399186,0.1811457898924633,0.2050049301318643,0.1582401810224365,0.04112783931233646,0.15011862067831835,0.12303730043094838,0.20562268530084088,0.17728503687583289,0.24107460292268793,0.1431357310935315,0.21040755086482824,0.18778544693832822,0.1727337314136025,0.07100133436932302,0.17006426736959396,0.20136043001034684,0.15539234100334123,0.11794619544696298,0.13386525140021044,0.10800140129221834,0.19910508122859014,0.22335612854486014,0.20456400303744007,0.06685679319322659,0.2140707077299416,0.12064035806803078,0.21443106249159088,0.15887692905998432,0.22819460892416432,0.07616974787952471,0.22924143102949301,0.19873901733551808,0.09145043710388233,0.24491370005618063,0.18421014289196988,0.131552174362115,0.23880882491284078,0.05981213037898624,0.1461599091521953,0.15953024462335694,0.12958776147238776,0.2015591977488505,0.22134424138089237,0.1509046168836708,0.20428566143672416,0.1984389072901959,0.14822327689708456,0.17236692170910206,0.17217225602670763,0.20149009399692916,0.11480746358479174,0.10510630488809802,0.14770975355458962,0.08293372406182782,0.1954001112956335,0.1745959279325898,0.19752403648722222
11,2,7.6,4.0,24,1,0.2780358900607879,0.5935124323716225,0.6927594436227477,0.5412817057489873,0.4402810873370318,0.42415709845131444,0.5503755055621827,0.609517936771244,0.6615442478885029,0.5884999460951366,0.4751189719464794,0.5778880805767239,0.5069772997283503,0.5898057202160529,0.687511238420428,0.6997009716609102,0.6105304138313039,0.6536105849979357,0.48752861558854316,0.6094030732517041,0.36781560656687784,0.6526181137689326,0.7413728181988256,0.7244806262578889,0.6243067048871871,0.6647944994946671,0.5441970384257504,0.6425144946495981,0.5811710655410417,0.74123733663937,0.7222951107076572,0.2568122200934378,0.4458513736043226,0.6243933700529919,0.7303416340279458,0.5117205319718688,0.6309983480538613,0.5659877475358253,0.47921507644731587,0.3763109731728281,0.6332494213763351,0.5799870241017887,0.6730595495975885,0.6031191190875603,0.4120769002319151,0.5517943295666279,0.4889242532263682,0.5671764078598661,0.7244525397387356,0.6490492741570745,0.5681654859431118,0.612497679357317,0.38057943295594654,0.3994434387589272,0.35941744821440424,0.576284763696109,0.6995907802693508,0.6755725101941908,0.5974964898918943,0.5720328332240006,0.39844995178202974,0.6533662862491755,0.5271636019909751,0.7183848208891164,0.49405861422175235,0.11965498368911703,0.510591400909387,0.48558429665786756,0.7013586649563069
12,1,1.3,1.9,23,1,0.3528235004748097,0.43031084663558145,0.36556057018548493,0.5318859337990237,0.33085335578674924,0.22291807417816323,0.5706017835201985,0.5833432380221729,0.405404384028992,0.4673421873368255,0.33015221782492543,0.2562041833206982,0.3245948525113454,0.21811544956735504,0.5184071449080713,0.4425635549597819,0.49744135536204853,0.5730040677635755,0.25438470204421965,0.47507700186965085,0.47091896024388197,0.5514569204429681,0.5724098870760161,0.5724708593056291,0.39758154615335767,0.27541611441869135,0.3632781569950239,0.5269528939982911,0.44191918902507765,0.4748988562232493,0.5586926158819786,-0.12877074258534962,0.26664518765509726,0.49032107456996304,0.5994278026874101,0.4801483889075633,0.48879350716248965,0.512606301320795,0.3367073976171849,0.24505617102368976,0.4887039196297783,0.4419258001964763,0.41491520881818167,0.4873168823696903,0.3646701540996135,0.34813568103409054,0.4482618659381666,0.1639664333464636,0.5881644726953775,0.4985806762081529,0.5139253629935605,0.5339536526790721,0.3118254497274189,0.5228255884839988,0.4882174035630494,0.4957226413187183,0.5934554515906088,0.5744752134883852,0.5095067348490627,0.3281940535207223,0.39908517720251246,0.5685268528506577,0.43700425746770344,0.5699118722299847,0.4926428152246331,-0.10763444068135186,0.16840684008023096,0.4915996334722763,0.5699794952065212
13,1,0.0,2.0,33,1,0.1883535221854296,0.18310450222918562,0.27976860426789035,0.19964457816006947,0.31242923769950554,0.0293446220400861,0.23781122085282388,0.3113892171914363,0.2671540596074401,0.24733655683091824,0.12350503330979955,0.25470164811482254,0.3203126203647755,0.16729095528611326,0.21903057277035853,0.18565117355787944,0.23000646846446443,0.28269154463181145,0.09635490582668207,0.26231666688647887,0.30834587988276907,0.25459304199228483,0.3272472413420882,0.2834761637171401,0.3710612098526735,0.22432456473945583,0.2719610090140445,0.25698533592521916,0.30382144030062647,0.25130851663969844,0.2894084922084575,-0.030167149562608582,-0.020257580871955113,0.175965774605648,0.3265505717138994,0.21254180496755828,0.2636833640504612,0.03166193424683609,0.33460234517374327,-0.03153157695978349,0.2615950682234326,0.26789851332566555,0.24543432325935516,0.21037919209066408,0.11004644040789356,0.22442335570825875,0.31046974013270856,0.2637626099604156,0.30366648774402316,0.2828195840764239,0.27700518662617135,0.24934850573960332,0.12689956842362068,0.21962574597746157,0.29428673743808004,0.24732708183885924,0.32260745284394826,0.25323644655853794,0.33979768261357907,0.27603556511238925,0.13270414781238796,0.2689734180019722,0.27347876379777275,0.2739041483753984,0.26494141583583125,-0.06073565751623107,-0.0982704803440035,0.2902157784630746,0.284803491433264
14,2,0.4,2.6,39,1,0.1543049483552297,0.3514788851591436,0.2440102529642282,0.2962739986956586,0.29747470111441565,-0.011861950774870825,0.22776480143325337,0.4438501904918874,0.023363982995755154,0.39418434268504543,0.2895232253646867,0.3274804008454811,0.2581749670599383,0.1884938925498849,0.41834277705494394,0.028940594904169583,0.3884154638923158,0.2771128011181057,0.08638363194975975,0.3254356866111832,0.25380101343458683,0.2878117949005136,0.09603948329311278,0.38270591336368504,0.40659314774410243,0.21444839812762495,0.42899561909278744,0.2819286729467922,0.38641433410267206,0.4307253327957674,0.3954490890171263,0.09455266704669958,0.2805730668604401,0.31001895841161375,0.3273434716130783,0.3564124184737563,0.330521489192059,0.3468759907551476,0.27877714967888884,-0.2514170746436497,0.25675285432752337,0.4219370348348274,0.25243903184588806,0.4016481595730338,0.24009115928674216,0.22079443646892466,0.2585344379246924,0.20535959751410257,0.3274779645305861,0.1329332286469015,0.300373374938793,0.2517069148542575,0.04216874604661281,0.25531202757176896,0.22105152613180187,0.27042672015248514,0.24874593608446668,0.3927613946651955,0.4275049696673403,0.23534056186549918,0.39026228091826376,0.39737581116158777,0.35845669943567293,0.36194992583870644,0.38587274076097355,0.08490192170530725,0.24861326016492638,0.11014743520620024,0.30914035500384524
15,2,2.9,0.0,37,2,0.0975219801019504,0.11907770697167125,0.23945135668759546,0.10975330947024024,0.17779302529523083,-0.024701902954613303,0.06219027288577762,0.13852098260213752,0.12054538795095532,0.19315962650823254,0.04035025174309421,0.10451272109208484,0.15317846223577586,0.13256380827493566,0.10351351254660866,0.07737945313890697,0.3013679794333178,0.1575490981519811,0.056514219399860295,0.11254634288431566,0.13916003854194964,0.2624857972584844,0.24696862521529994,0.2781391199248432,0.25747293298564655,0.1358741223836039,0.23573054666537735,0.25244492449918327,0.16117229928501628,0.2048816530857645,0.21395152861717473,0.12487542625166437,0.030962459473944905,0.21712598403656264,0.145233340176491,0.12015650784563855,0.23979738586231444,0.12497298124879287,0.16490869983432077,-0.0038323538140241937,0.127870442103638,0.1300744292318387,0.13244803048059464,0.19397857074772948,0.0779725472525078,0.10983011853113783,0.19819426039310384,0.13883082020978033,0.09143223809556374,0.04001512534986602,0.24506024555902078,0.1820009971101754,0.07581444130434052,0.12783488611767366,0.20144580684299732,0.2664419019835201,0.2531289853979327,0.2785142698388548,0.26282456439495944,0.13005017204469518,0.2273069432680982,0.28054856175736603,0.16398443469715282,0.21056073027812428,0.2101882574321742,0.11236193386468256,0.0077993176946339225,0.06730547320917353,0.25670438325452477
16,2,10.0,7.23,26,1,0.1373849569782526,0.24545107127498733,0.31778696232579495,0.20905070331535935,0.3994492297576393,-0.026980918709436676,0.310005676756714,0.26646357939043225,0.14077622869346626,0.3317948249196899,0.22552230028679307,0.20620092933344275,0.2894467219083815,0.056101499583085274,0.33424039333069766,0.28623745936256756,0.2850049684330403,0.35468168781781095,0.11722254932765028,0.193615632290649,0.37410164090176734,0.3269800724088277,0.28727644340701713,0.3473676973511865,0.3433553322795179,-0.12638211558893053,0.2552508587790815,0.2918325825026624,0.3956014464228918,0.2919436286689573,0.3368097007126336,0.07333807214020521,0.07430488659030383,0.2608436484547086,0.3134657036942351,0.358865353984197,0.2911153591129287,0.2198776737770314,0.32908734674443885,0.012395196481791437,0.3013700720800891,0.2845943907928596,0.16391179838367717,0.3563881173966993,0.2649191096823526,0.1030323536596398,0.2769136860958224,0.12208460575969804,0.4024618878388388,0.22936930464325037,0.22225036807520215,0.234021981697315,0.17667612742917385,0.28092325491578457,0.36366167309680947,0.32818268309390963,0.30246322490591143,0.37995748820136876,0.39672983916496374,0.005170790084419599,0.2744030193338793,0.3532387536822511,0.3873328188263137,0.26430579785565517,0.3365883655856487,0.08956226630271899,0.14627515065015587,0.18799643393142992,0.30541775720657544
17,2,0.47,0.0,27,1,0.1412973913829225,0.17112228683788863,0.20483328306703924,0.23224361471683613,0.2607488450582852,0.2183251122785197,0.29418128930903054,0.27499673265381813,0.15926334319422575,0.23649066121678194,0.25745231267084323,0.22526987036054189,0.2551792672223132,0.15919743718054316,0.27267676348548203,0.21969363321180657,0.34027443293168996,0.19131878162446933,0.2166935528451313,0.16029543697362647,0.28638306666453595,0.3400233539909592,0.28175931239616087,0.3723075130600779,0.276848397179491,0.08981845961615886,0.20520139465734238,0.16117704434528957,0.2343558529288506,0.2818265658866243,0.2770477497024181,0.09814586785601785,0.2670237836123601,0.3073257321982191,0.3206977380360593,0.27553532369654493,0.1857350680218617,0.1515360071119835,0.2882044922686547,0.2427687813282892,0.32234889447621484,0.26360631140672636,0.2851881374741665,0.3081888372634414,0.22028641004869517,0.23795873247197763,0.36046705317578637,0.16199021606821298,0.350952973830453,0.28609512879026344,0.34712621409790567,0.18222699801734582,0.23898040522403333,0.1963040824328329,0.3116767988233476,0.36311339225009653,0.21486357541654372,0.35110444260190266,0.33791906531362775,0.1512954262581292,0.27508918770852536,0.23618764074607945,0.26089880051874154,0.31853760657441543,0.31349341040224155,0.10835616612382086,0.23558355478387663,0.17020766469217924,0.2886396249141657
18,1,4.6,1.2,27,1,0.4562411861052114,0.4628275878629182,0.7660927317385491,0.6466384843855449,0.5074143944309113,0.315500248741203,0.48788285745282295,0.5355390491168213,0.23414686962738915,0.6586533783866483,0.38186531991112044,0.6154184233677104,0.592006830485741,0.5190803026403276,0.5846337732270325,0.5573838034348048,0.47333067950720564,0.6782264671455485,0.2041105810019131,0.5904294478447341,0.34786677963547413,0.5914404517424614,0.7485985305511953,0.7170048566012298,0.6821640252502826,0.4250475790838797,0.7383512135599132,0.6850299562403726,0.6591314436515021,0.7393095065142175,0.696967749531196,0.33104765338454517,0.3802015612680977,0.7076553401423746,0.7677341113543968,0.7132886749327619,0.6423346052479039,0.5245645976969918,0.5435401721536045,0.3695067998237634,0.4588226050765488,0.7277462844867769,-0.011730235929073522,0.7003824786461293,0.3912329921808844,0.5618339083679446,0.5745092341727506,0.5085547580934999,0.5274562871089926,0.64265984804018,0.5341235567734337,0.4832280894807313,0.4355846258195938,0.5553860970409538,0.4298754779757716,0.5931045359976217,0.6869086510388845,0.7290923045861284,0.7186223416850945,0.4859396906909761,0.6386692918565842,0.7168186971970243,0.6992782390706735,0.7688721164035976,0.6474146294019542,0.2524304072162873,0.23058453532196924,0.7166276688648304,0.7357507594028623
19,1,0.8,0.0,34,1,0.1758593224426867,0.28790627379038725,0.26720077016155674,0.2899873259845802,0.11590960378615031,0.20084698737423293,0.3550435578487863,0.21069386292010164,0.3175715119573142,0.2039753892384605,0.2101520229221954,0.3608730878504606,0.18698621608680138,0.3203965586154423,0.3192195403256526,0.22122110533592046,0.186847503801632,0.2399029317664829,0.2402549101407281,0.2883988900504035,0.2134573062735969,0.18213456356662275,0.24728479113927337,0.2667882381509497,0.27787951251076953,0.24492189316804308,0.30193367211688144,0.23150879307132793,0.20241139128023033,0.27582732188283393,0.3370715253799846,0.056784633828292845,0.31228286822387613,0.2755393910767649,0.38741205471926926,0.2489860960240901,0.2127287346439486,0.2305299823581768,0.14872595830183494,0.21949147728857446,0.31629501514724995,0.21295599310299657,0.25268005060587856,0.2254272861207907,0.14512521141997914,0.35795413493255684,0.24560105518206796,0.3328071904480144,0.2664665025158216,0.2864213976726082,0.18907273517507156,0.2462086373940932,0.24188335338992178,0.3364739041121901,0.22694124203919022,0.15298252477027466,0.3656152449078491,0.3018874991077271,0.31269265877839575,0.2441555050401649,0.22748661688178767,0.25146504320449703,0.22077345169296111,0.2836464854306791,0.35831408944726567,0.17945631849640187,0.17406460196868445,0.301839980273797,0.3188295932539946
20,2,10.0,0.0,34,1,0.2491499202501419,0.22352248739666228,0.2933175950338263,0.1458289395174114,0.19614392096038488,0.20004871022509219,0.20700578138705847,0.18853508704265737,0.2400573749677451,0.1946303072038352,0.09641102548947947,0.26797193244536943,0.17710758954094977,0.28189663749803706,0.21519726996733576,0.2392648152696104,0.23841288661421628,0.286054743839478,0.18919272451770724,0.28104564652736036,0.15388332175260253,0.2743486171826603,0.21556103106552854,0.32467302016026345,0.24572484751003154,0.26240183171735326,0.28409781179817567,0.3053178522234021,0.1257194141674734,0.2959614387049268,0.26979872873740735,0.0980842233240343,0.2424594573850121,0.2601566986136254,0.31647975680606194,0.2289002026309281,0.2824285458665387,0.191016949682676,0.1943196127527591,0.10173132264392966,0.13713540329715992,0.07132614763623568,0.2955088359584205,0.19869393012007508,0.06757035907939729,0.24907851869782616,0.12488142916383148,0.27701668594075757,0.28665858937380023,0.23772806739462965,0.209892542065011,0.18754582426580588,0.2363764918083899,0.2198044741008512,0.11287529105172399,0.24501605061228018,0.24598340367043886,0.29488125799477505,0.22770081618090127,0.2662903823422635,0.21932583626487584,0.2918442664894645,0.08431371695593512,0.2686886180073021,0.2138668168559522,0.10026048225409047,0.1333026232151296,0.16568502878338365,0.30320086244841743
21,2,1.0,0.0,32,1,0.193519393838403,0.3097318885313044,0.2878612152773884,0.18711133261219856,0.3379474358562259,0.1217034370774424,0.26659195736294966,0.2305520401931409,0.18547959080878731,0.35613318606475614,0.23727441234715324,0.19527624565307292,0.305960388976452,0.07088324981592778,0.24772778719943378,0.15712123271755024,0.2692980790185858,0.2582712215448755,0.0214999773949175,0.19176448481377537,0.31116594442902673,0.36279029462055734,0.33820567533003826,0.3312190767424526,0.3922166005223766,0.15704308789407762,0.13772024450163242,0.23202356914628855,0.30520979816233174,0.28166928067475216,0.20065057797458966,0.1809168867975606,0.037332199351318984,0.3454627084916862,0.3141839327143731,0.23691616669093452,0.2444374075660864,0.23235806446652046,0.32382703396359225,0.17893511929191536,0.2565547897155874,0.1727101614126415,0.236253661994537,0.34661626290897807,0.22853247618400294,0.12500248833471478,0.3401011083203187,0.0791176535726097,0.34510220747511333,0.18757041359009965,0.237235975910641,0.2503868555021621,0.10168099504381434,0.24359454883148945,0.3318711082246769,0.3099181245636823,0.30858420696297484,0.27415258604473447,0.37886479973799586,0.1515480109846427,0.12871084254533688,0.30095790624961793,0.27165013453887354,0.3753428719431549,0.3158338315847797,0.03427014205940648,0.09813905697379828,0.25164352220340874,0.2995441785925006
22,1,0.2,0.0,19,1,0.171464112601824,0.5269346555262983,0.37347095724239177,0.5243847332191947,0.3108046383776792,0.1477985017098739,0.47546336755834057,0.4588291669256278,0.41004098420166424,0.4278982764944011,0.4504142674990306,0.2880739219522987,0.37554584180622735,0.25330255808788377,0.44598459986546574,0.34517900589811035,0.4838818299396923,0.391373906684112,0.28339059453226945,0.25734620963968524,0.38218640396617753,0.5154061037671115,0.5250238505745215,0.564841346664282,0.4523836897793154,0.34386862221663794,0.41637740614296825,0.4307674625260818,0.4508125699011018,0.4606277653478604,0.5211399802480038,0.05512753581075351,0.08139711722572122,0.3155571074947509,0.5071558759537879,0.406567185050222,0.33323629356902223,0.26883688497200103,0.4064753158467746,0.12361360402650703,0.477578575615699,0.5017620965221371,0.4017929878936643,0.4307936384253014,0.38759093896889574,0.2930672163725533,0.3776953964203989,0.21059821664658993,0.4251528033756804,0.4226684465658266,0.5189584553885415,0.214198459026856,0.23116076782948353,0.23488894637355048,0.38705155169390176,0.48917728448625913,0.5337291055898045,0.5125368130821248,0.4549725698971385,0.3176405101105797,0.29940099567551,0.4612095967760418,0.4844927297323344,0.386992405320567,0.4604608830377816,0.0687825725937428,0.11626267656215118,0.30291032156963854,0.403723312355939
23,2,0.0,0.0,42,2,0.0960422252456283,0.35735760054555615,0.512798662935636,0.41557710592652536,0.4601566874894633,0.38828937592082546,0.5384943506079677,0.4265322986760487,0.5409084521435459,0.43137981449501117,0.4371885379144954,0.5798747421210082,0.515842114818125,0.4226311605804526,0.547419078922335,0.29729387630599446,0.49787341087955933,0.4622155147810216,0.4291774224802299,0.3476514268361102,0.4188187693725875,0.5919666592199406,0.373811076656007,0.6150853323445965,0.48215493632023815,0.5188760742244558,0.559368191868135,0.5323181297962094,0.5754744868597694,0.46116879329647564,0.5564690819617711,0.2161229591582782,0.4806359469277952,0.49071912225456016,0.5415539272460286,0.4377603032485408,0.4736887000597543,0.460805419443827,0.4595436777962577,0.336131551009174,0.5206538864779949,0.5655441796742242,0.5293564804375301,0.46489292120779885,0.4401394571069746,0.5263743594966757,0.5096613677524607,0.5165334497046816,0.5793712332249306,0.34218716444083885,0.5651739518853123,0.4184683945467255,0.3211209901157077,0.4820034417270888,0.4250122232424043,0.5260895494860501,0.3762937337026442,0.5847114113319647,0.3858086514286503,0.4636225418519813,0.3900602107580201,0.5548921392398871,0.5007676692118735,0.48136143222547423,0.4820890255165724,0.0027638833704039657,0.5126864718818296,0.45568615657380945,0.5296117448018327
24,2,0.0,0.2,47,1,0.090527391419808,0.42482223097555655,0.4443932372943498,0.4300043388696573,0.42323630619737607,0.28747172988998076,0.5379458974818834,0.47267220683086636,0.4951224109743799,0.516461997914093,0.43987814480930726,0.41092821670689217,0.557478421708485,0.38792420826317026,0.5432641310847605,0.34764291789965696,0.4233823426363911,0.4191621456210382,0.40918998781603566,0.3424989141874428,0.37450693745409597,0.4623553115194715,0.4863633077206902,0.5012755564483368,0.547276888208144,0.3794486405263907,0.5311796731120615,0.47989458878114205,0.5278944708558957,0.502479558953902,0.48947614699857117,0.3771855361085067,0.43195114038429716,0.37688592378437047,0.5675488799635691,0.475025519747575,0.49345034657286774,0.3618630601687933,0.42398234132675144,0.3098579452561025,0.551087948702073,0.5001015193552834,0.396805094681822,0.5493349643568869,0.4189491353583525,0.4413487891128696,0.4473050646088351,0.4331244175625461,0.5518427378485226,0.2821046610308909,0.4578950351987606,0.35426539151395586,0.42564575028806634,0.4876365183930341,0.41977404707905297,0.46739644810160985,0.530047437568241,0.48306941081117116,0.5277957533184322,0.3635545769999312,0.4728830877856226,0.5697437174506391,0.5016739728995423,0.5048518497704851,0.48853301217492806,0.42824841538971953,0.3238455799050067,0.36197371800039996,0.5681980381815722
25,2,5.0,1.5,36,1,0.5150536182902057,0.5302760963164926,0.40636497022539286,0.48900419088640523,0.4131770812773462,0.37319016800310495,0.5894042114118427,0.5036775607033298,0.5832271339439727,0.5556640627730317,0.44856257394472093,0.5198355551199553,0.5121404340325203,0.3910563993694867,0.5890698364008566,0.5876830973038013,0.6081736296752488,0.5740471472697792,0.38520244803365694,0.48547005319759273,0.3710843518044471,0.5285507326969691,0.6158798229100559,0.6135011872637899,0.5277552571898507,0.2643984043697987,0.5050198691246507,0.5070373277335337,0.502463058551879,0.6345359380193384,0.6608978147095139,0.2300437795554639,0.25649118040513197,0.5041800735346764,0.6377145316157016,0.42008402199619066,0.5108395933594579,0.4496051372709767,0.4869500009815125,0.28460787158169937,0.5906614160711267,0.538706970729629,0.3827647514216676,0.5487599260307016,0.49682925216606144,0.47727443908143846,0.47656633602546605,0.37600858291930833,0.4892802602342396,0.5600357188176359,0.49448102094829555,0.35376802538625507,0.41264624100729025,0.4257471893046935,0.4749456237699977,0.5133517096891427,0.6304234622481167,0.5378260900494247,0.5942086755925952,0.26281854549739175,0.4719922030734204,0.4444790221469295,0.47906125599877786,0.6032907239040178,0.5589990542122747,0.23736847182288817,0.29189400084489747,0.4397944214591857,0.6157670209902867
26,2,5.0,2.5,36,2,0.072343363814159,0.19104621474313824,0.19756673212226913,0.11785030930289442,0.2180156459371558,0.017001322598196894,0.13971987820153356,0.005939452238523622,0.05821187256902638,0.051469886896489174,0.09955455912544965,0.17522801963697904,0.17986945443398078,0.12637820490056514,0.1015851391562953,0.02490933349151625,0.18966270704617663,0.1552636379310973,0.03888584368092539,0.10211274078601244,0.18110267812765876,0.22369952870859852,0.14577152457225734,0.2390676151704661,0.07609269910464567,0.22455992999443364,0.15884590437388754,0.18381832850621252,0.07448593050478163,0.18534773046782116,0.16352846549360212,0.2132307062813809,0.046013614370998775,0.11886333361638697,0.18912984460968246,0.1438825601599015,0.18831025491140807,0.08872379818038344,0.20284956960500738,-0.01695965781641205,0.10119828700657746,0.0169770762327904,0.07733035542404029,0.04935822950199855,0.06533500768454216,0.15616139294107978,0.1894448510415961,0.1529398363092526,0.14715381035642502,0.04524043004613176,0.19599736130036183,0.10190522002046597,0.04078420334832146,0.07636305493511128,0.15612243108330653,0.22841326862802175,0.16839198866127114,0.2274651294352143,0.09854422693253272,0.20918411675063306,0.17350486520900388,0.2141967577361067,0.10104382888140574,0.18716508862919318,0.14523589982940163,0.21282811221335127,0.1269227708206537,0.15889652137690913,0.22711238153951085
27,1,10.0,5.15,32,1,0.1417383108514758,0.23736085949330804,0.43490673471715335,0.4322644553928416,0.36688833077194427,0.21182749659604147,0.3386770850628837,0.39749852286539755,0.2864028523916309,0.3864520765765385,0.21526062642862884,0.3105005921969551,0.45953293050398186,0.38402896290233884,0.434217582204034,0.4142498654044758,0.3862493327561203,0.4436979465187897,0.3305097037605305,0.4441500806039331,0.2959658671562577,0.4253639960122251,0.4875126871311733,0.5173946608365744,0.5167275683514104,0.33431087230497814,0.4092119028990727,0.4964194094171441,0.3719296954961319,0.4272386375191951,0.5376608726848712,0.02659620789947372,0.22358045875921478,0.4112861755875947,0.5227037804434981,0.3430736830956738,0.16809598472131443,0.39159950985993497,0.3730954803928179,0.2116874590441883,0.37474707742207986,0.37643746339617296,0.3321886939100967,0.4179082571798028,0.2704664503183067,0.319586732220825,0.5126139766116928,0.3861334402393684,0.4188509680486477,0.4371083331340327,0.3811109017412511,0.44727679933904396,0.20307688503211493,0.40656019537126015,0.18945316211225485,0.4053539906172983,0.510556587755603,0.4763813702735143,0.5120801296854935,0.26210370312889797,0.32164859209555335,0.5107340827930866,0.32091501436758085,0.4981946898514682,0.46316037943730115,-0.03641847333423341,0.3354075601240204,0.4146658851039096,0.4886389625927839
30,1,9.05,5.0,43,1,0.2108298013973365,0.43485071326471264,0.5019233364510645,0.4305549291731144,0.5307308636685699,0.19830905431003348,0.4771298517471349,0.41876742920937754,0.3393054488547831,0.4731931674309633,0.41337939848321636,0.3041224406623157,0.4607921997795959,0.006506168636801283,0.5309455921534944,0.36400901834777777,0.45631774148292764,0.5813461851830467,0.2507329711508377,0.4380664408218269,0.44015026639886673,0.5295937207423558,0.498215355075577,0.5981684079723594,0.5750010150278863,0.08805240281847916,0.40622165503662794,0.5111626804697089,0.5541013315958762,0.5945907133800451,0.6421311426239796,0.20596670795622415,0.08616463986560975,0.5370827165613541,0.6577904895351108,0.48608382049066196,0.48729817880643633,0.42782006309650167,0.5159247096689915,0.12412196407094193,0.3530750565758383,0.49451680865497744,0.2778007941828522,0.4352961604296906,0.45710109570225166,0.14461349643062793,0.5215909781103072,0.09160932973043072,0.5055360915699803,0.3947177321129807,0.43158925429279255,0.47132681959758144,0.1786817870927223,0.4898693053568144,0.4386443686526943,0.49104804729639456,0.5740411267801271,0.48124934814148584,0.6001087101280471,0.09928753925412649,0.37000101655465767,0.5340879113973621,0.47129094356190715,0.542469009448446,0.5432034701211917,0.16781189050118264,0.007521050834285368,0.37631187847766334,0.5826038090658335
31,2,0.0,0.0,32,1,0.2081033396184731,0.22806498990509383,0.32190392028381043,0.1846153137331979,0.3413120979942878,0.2858762918241882,0.2724089301315582,0.32683705461984464,0.30205184833184645,0.28164313145610376,0.22637089673257646,0.34096563909124333,0.287103083593465,0.338966682020287,0.3085605954753776,0.10121898969190019,0.24541997962304848,0.2937030761903132,0.32327328822140616,0.2591924941437371,0.26991297786252394,0.3209965012723154,0.3828750236519679,0.30830473690777843,0.3846566882583759,0.3355114084464312,0.2709905683978761,0.30578877498324303,0.34126465385723165,0.360843590806597,0.37748623979252743,0.23622074622039216,0.17529517774813394,0.3384763934349907,0.38686745807738954,0.11061490305476171,0.26733517835193676,0.1569559473046367,0.3202630086813271,0.2445534842054034,0.28168155611825973,0.21160768149664275,0.28394847734244244,0.3215965801767751,0.1370928105427891,0.2875779587187582,0.2472652198762355,0.31455746313581656,0.36071113597839793,0.1375780876234769,0.23735103753898226,0.15791463946358175,0.2573190659346005,0.1952773385186679,0.23692551667346073,0.29332672810148835,0.379778014646356,0.3573183375367702,0.35740776559055915,0.32558653209512384,0.21737996283187466,0.32115872958545766,0.21857958749012663,0.34818940092838435,0.24500746128674078,0.2302228794297684,0.2611336972115872,0.21754170371794507,0.3167112673180505
32,2,10.0,9.3,47,1,0.2393474378511906,0.363053023506417,0.3795088932737365,0.3579062830832932,0.4836561163055103,0.17736587175691018,0.4761023077331592,0.5029013413508578,0.2038470685891528,0.5024402359663888,0.399315315952989,0.45466223438697034,0.4796867201404266,0.3620147658560456,0.38109316992135545,0.23310463941140683,0.39237359434486624,0.46494644176272953,0.24433860342761798,0.40651879521913764,0.376039760482634,0.5068839443090294,0.3674913533196475,0.5457087723441908,0.5611108978305871,0.41333280510504555,0.43911908986229475,0.43837099854180045,0.48139321744320784,0.49032861606550077,0.5501339640408193,0.1740354732919692,0.14344558859606996,0.40077372759037594,0.4902551376691063,0.4139585788367974,0.39574708660494445,0.1717206702524065,0.4564094046640029,0.02728967217093495,0.4092182242824426,0.48354284983838125,0.289596744378462,0.4485497253173536,0.3728787928575466,0.33247509752858107,0.36895710801464093,0.319051567467189,0.4003769702812882,0.34075711870264247,0.38264881090303154,0.39968729586074253,0.24439698689267786,0.45733598907320355,0.41667593748506765,0.47275499464447696,0.4098467963681846,0.43599479412003483,0.5358205663179127,0.341969267278544,0.37906858623361217,0.4732706202571768,0.49621416310617605,0.5353154462721695,0.5097452013877509,0.19787772131621675,0.04348689777357215,0.4505475150478547,0.41441661729096424
33,1,1.35,3.0,25,1,0.077824385007988,0.3396284012443267,-0.046920890491472425,0.44724384191197514,0.4625277360039587,0.14547320264615177,0.50777547383846,0.5299850171247728,0.474777373785834,0.3267662546764166,0.49172389807077305,0.35297688438964897,0.5660700865679116,0.1800767862829779,0.4692874767775451,0.3882713230174691,0.45115242005021144,0.33940238288360774,0.3051303598610873,0.13924271413090938,0.46747997760011273,0.5027560529770299,0.3991851421040996,0.5495227263867369,0.4616324666795019,0.30571401015388694,0.44338014947768467,0.33495879279493274,0.5783723281681444,0.5492063107746864,0.45982945853201035,0.08404696233553607,0.3322433401715401,0.24946502900031767,0.4271870955535476,0.27364568948567536,0.05012992441679811,0.4008094755873931,0.5222634319368756,0.1839860852374095,0.5335198294427546,0.5166237978407549,0.37746819944748866,0.3314280867470731,0.4849533160565574,0.3516512187974124,0.5319557339289376,0.3185761472647367,0.4967512342307106,0.2681920951254723,0.4063898971956952,0.353015563288745,0.01101668113623836,0.31731283204854743,0.47040625968369937,0.5008835147932712,0.46192801293671254,0.5264545814599934,0.4583044482796868,0.3112113176831779,0.41185082243965887,0.4126319760190211,0.6016086662621016,0.4644751693118471,0.4575619228536865,-0.01898346690121305,0.19890370873764485,0.3601269680782788,0.3529842273331415
34,2,0.0,0.0,37,1,0.345876714805562,0.1609031338988283,0.33996273751494693,0.3278197448864935,0.28588414032015524,0.1646267717129303,0.29016498971383586,0.2509494165580373,0.22135668890035973,0.31850532749378724,0.27187543150282867,0.2651543323079676,0.3031887272040702,0.12870695110219563,0.25262955405750565,0.2810817153789467,0.19390758497901506,0.29063939844916015,0.21342376009708153,0.29729956216396436,0.27456680485560764,0.2402030321057825,0.20975728617381928,0.28330328945576677,0.30728953706087675,0.21613474825393633,0.2942176947053082,0.369587745650285,0.23369979735632193,0.31795793025846947,0.3081090204453465,0.0033273430451681257,0.159448410564484,0.2458676574465135,0.3551955884079974,0.22845702852779956,0.2734193043885628,0.21719805911508877,0.2624973798275424,0.11699532545211716,0.18611348602496794,0.21922365582813222,0.22119721613678317,0.28228370730363866,0.20710378575366864,0.28030025010357834,0.278608988757283,0.07314156991676915,0.23016096590461477,0.23803766753360067,0.24727804501948294,0.2229964133611439,0.17639578430198943,0.24849539042718125,0.2914673492650561,0.33478846355211794,0.3230331255910948,0.3673072750497142,0.3250016845716034,0.17921185067201034,0.17317066385287416,0.30516402098898865,0.2413599766477788,0.3878912728663804,0.2183501747577655,0.0882518801546459,0.06552853920444586,0.28355061594740644,0.2532075452626336
36,1,2.1,2.0,41,1,0.0845261767273516,0.17801751570097724,0.12011900668539316,0.15562078484735795,0.2735449833933057,0.13221870920836473,0.276944331035842,0.20550750646488544,0.17469469939955118,0.19803923486199346,0.1956847131631422,0.24260369929977713,0.22996272153167732,0.20493097926161793,0.17163393126285564,0.19849708813017553,0.26607173506033455,0.12050716798558037,0.1503648369034121,0.14876808164409785,0.25481819262553157,0.259527523665859,0.21362151754322267,0.272538288547007,0.20004931033758894,0.1518021666665897,0.17839327525684878,0.1979826483846984,0.25747011289862015,0.2735725102336392,0.15430838674731004,0.04278950289895475,0.11846186074419458,0.1740816120925861,0.21648934397566955,0.09708972987566152,0.12669158997218646,0.12066638585884171,0.2308637962592544,0.19452266103255317,0.21499900322337498,0.18178758570138737,0.17572286261800601,0.18686712204418904,0.25580771748525954,0.20564900969407807,0.247716776850102,0.12429062976998907,0.17262567295423073,0.13142218475196166,0.23793621564715162,0.0978958822030509,0.125357238654213,0.12083523813469461,0.23182756389022818,0.25848150425091915,0.1419908059674801,0.27273402806074454,0.2015913679209416,0.15478770561003077,0.11083207051661847,0.1495410270776023,0.1739009716630761,0.186611190252831,0.09135856384653501,0.08837519084410236,0.09052279668689697,0.1723148797887054,0.1402997108593336
37,2,3.1,2.4,25,1,0.1256838225475814,0.17906782491448495,0.1902558552137533,0.18086705211397094,0.12740605505396665,0.12136793387679119,0.20222842326601523,0.20866474117995581,0.2595788720272207,0.13981238308005045,0.10048199365999402,0.2054418100520734,0.1614305238740477,0.18161839909093935,0.22896281817317482,0.04504607206913702,0.22401392641610005,0.2030087584256383,0.1704266715172435,0.16622909342313041,0.12096050231667867,0.227555548190661,0.26364823453734926,0.2776776911306002,0.17146906759386818,0.19941530467101112,0.24512225811766541,0.1987649354752009,0.22472038531316976,0.21410956938738615,0.24749004695841073,-0.046679322851358694,0.13690299483225524,0.2358524957796346,0.23717043415755198,0.14621389392772674,0.18258713111038577,0.1462129653882359,0.16975425887551837,0.16590055854617466,0.20399423263168895,0.1572063059461563,0.23507647798880008,0.1597543283037345,0.08859351730245082,0.20136055050475613,0.14871203926226886,0.175217729079348,0.24881904958397627,0.03280954603543298,0.21858391966509375,0.1885339809282653,0.15433592712934135,0.17040932439452455,0.09804441964934915,0.2011471101844928,0.22747868662245627,0.29094924248428494,0.18531545636543428,0.19055860362059104,0.17628001378776711,0.26090388703378126,0.167707543133864,0.26054436477169446,0.21121160621205615,-0.02847134234108041,0.1268546093552226,0.2388581669258263,0.2238794472076702
39,2,0.0,0.0,36,1,0.2351168240769308,0.1675896754218451,0.28528949104321877,0.26340402339425023,0.3400042839539687,0.27030720951470355,0.22710596903968247,0.143584916330872,0.29990336026650666,0.280940035624248,0.12347264306636928,0.2663422739842964,0.2410573101065111,0.07843359968042118,0.25764744965033987,0.14672991631993812,0.30851137271871726,0.047248646931484485,0.14642377518062438,0.22903977671739073,0.2582139065079187,0.2688987027952044,0.3173079851333461,0.3501780766281064,0.31542725120287457,0.006792571655862079,0.2085121710732345,0.03442665935359454,0.10317360670964236,0.3331839207269791,0.21691699694179334,0.266515670787993,0.23268708136475388,0.25505900050100017,0.302762933500364,0.1909912962092853,0.2774810010797571,0.254322437775438,0.3204693868970604,0.2728455354996603,0.3168273461506215,0.17525096178249794,0.28956637151538867,0.3440695397970962,0.17504999250758704,0.249124861533939,0.32253452061204624,0.25104022855807195,0.33810440337350006,0.1502892259905979,0.3096348943136989,0.12405750241092385,0.19477246511097218,0.1643612296435898,0.2819911146524686,0.3420877394761673,0.3498564588954504,0.29361025358191023,0.36047560687772895,-0.09212909114133523,0.2188232776221787,0.07967849261016914,0.16440868938748904,0.33731913428872057,0.187645165641126,0.19805068130676223,0.3508852394235036,0.27365453720620153,0.2503740109760319
41,2,6.8,1.2,33,1,0.276292912878873,0.2683292960096701,0.12708505596973113,0.238907776051814,0.36203487536805173,0.15903457744120802,0.4039508705077294,0.36730550820632973,0.2214249421435625,0.436479133628635,0.3464271483947343,0.16447242402274537,0.24975019357359715,0.13709081745303042,0.3431613572911216,0.24450446576715124,0.318106557436794,0.28592730640711056,0.12987301970244775,0.3122350644965191,0.3414974846666071,0.3961188559590049,0.3920119812360043,0.4389341302747298,0.4652393160341308,0.0968992564064739,0.21706564028498043,0.24960927112305656,0.42144387512561493,0.3881308288309083,0.3073645191816161,0.0653709009363424,0.15296879113194534,0.4034931409229219,0.47511968533080545,0.24317558838662764,0.28420803781469883,0.1476991231857826,0.3700384864061337,0.1851149966358687,0.4224483761816774,0.4058968299614029,0.35025265528126903,0.45527056792223974,0.28979012082978245,0.25721342247196693,0.28129534734060774,0.14972907452548928,0.4273962857495186,0.24674896691075163,0.4200305095467052,0.2935892469013215,0.1314170627125923,0.34485333543570856,0.3193503421496781,0.41321358199197605,0.4631594618339588,0.4451800277512605,0.48607646231533214,0.1149456207901916,0.124186805063255,0.23509091825308087,0.40849296420664816,0.37742841326410387,0.3720273744655154,0.17528617801315288,0.03723320938736444,0.2620313007818459,0.37763306991299683
42,1,2.1,0.9,37,1,0.0861474339444674,0.1942765530965721,0.23452749965766836,0.15236508266313148,0.18733698218196362,0.22734351262951488,0.14204733801147207,0.1781776400656609,0.11424707938299135,0.1924132215249217,0.1306364141815305,0.21075635621158526,0.16608033135196745,0.12872648367772344,0.2763303667244311,0.14708717443403457,0.29934329373703644,0.18597773630224035,0.18986224525680254,0.16120428910739387,0.16001459404045063,0.265066352597223,0.105219226656356,0.32467319278477397,0.2283997023886088,0.14096956061914684,0.11804115456648075,0.2570357276754654,0.13898612160920362,0.20767887539132973,0.2254112340757972,0.17222651619205148,0.07606497943009607,0.2801205938028317,0.29668126805521955,0.23738567401554783,0.2709786445911774,0.23212894495950961,0.16603721811540617,0.2031685031907786,0.14573095055538707,0.20969232184044045,0.21597108337879337,0.259001926842705,0.10996007105320023,0.251412897816529,0.19094828688779444,0.22111611852301533,0.3506908253738648,0.15124544532716205,0.3043597228925524,0.3066545343196718,0.18378997384189066,0.24528520057182543,0.16244964746497859,0.2602957901243523,0.16752009770560516,0.32102814315035777,0.2685630159575791,0.19429927356576204,0.21645414177187877,0.2690467848707796,0.19868647726262137,0.3113139134003527,0.2603422675903208,0.10316073778341728,0.10714204545027685,0.2544885474791896,0.2682058497636215
43,2,4.7,0.4,44,1,0.1502768514755271,0.12189889400738871,0.12322545011562118,0.19295367817373293,0.0827506696937995,0.05079859750193571,0.11047744161128964,0.14608082430495975,0.052352997696995356,0.1659165920325492,0.11051781993198155,0.12621881324482645,0.12134798948686217,0.11216407648378944,0.16632765832502416,0.09165103803450923,0.16554194184669313,0.16098073715471906,0.11985154731843913,0.20302030305671626,0.09349923670475514,0.11123299077739739,0.17077104318670888,0.1754520221393511,0.19372422467743636,0.09697523216653559,0.15211848462872152,0.18243221807508997,0.061024662028169155,0.22456187271423406,0.14041322460626526,0.0721982430635296,0.08580342416943809,0.06278466694987679,0.1739231341006992,0.19896522539304146,0.15068256134708494,0.11561673360466615,0.1296655237310771,0.040679838663016804,0.06116344159235608,0.09994515571453677,0.08244877542620974,0.16464833649328173,0.1125371397803063,0.12948220837633828,0.09111137250410276,0.12809283209547367,0.14798580161572278,0.06321912721746309,0.18336389746979112,0.09982381498567545,0.12919021466850977,0.12738878517176025,0.08805968341329497,0.1431484920699661,0.16834680145911396,0.17542401016126866,0.17115667089861536,0.12810583462569314,0.1711072646108146,0.20372832396131488,0.04938319157152382,0.22773954868891302,0.1007153049982237,0.07893335323838337,0.11437788428736059,0.16217154478149629,0.16899186874585992
45,1,4.8,2.6,29,2,0.152596770793424,0.09973568190608634,0.11372781274659684,0.14270888902832227,0.06718783171019409,0.11269735404456066,0.11999912909931872,0.0852891868701564,0.12244489572776718,0.13537112240218635,0.09100628732350446,0.18602806517232853,0.11731552618508967,0.17908304413146725,0.17256925138388943,0.11222436924931387,0.08960399673214606,0.06616937196925637,0.16258660270677056,0.10035667398165979,0.12142505878060765,0.061145282204236914,0.1440500061317697,0.09204977366281578,0.1663823505729566,0.10595162497203559,0.14646683836481456,0.12685796326362433,0.15484162976503266,0.07072605937745706,0.11750457754342876,0.1531220819845905,0.16006288433446503,0.06847131117539232,0.09801522913687011,0.04391611306052583,0.15041887751067318,0.10876129562001131,0.09235055925230343,0.05253176852135567,0.13173177375046854,0.07907955441834795,0.1835275162329678,0.13751282115921107,0.09749484638334455,0.20857904077861017,0.10461231002279342,0.13618560376691913,0.19920472567668554,0.05764405111955607,0.14832846757933751,0.10587233493882857,0.1669906383188001,0.1223996625172924,0.09909175162186896,0.10752935547265965,0.1195202223255207,0.12899414415876623,0.16448326048412193,0.05616152653937581,0.13922967621187876,0.15408911987851964,0.12474194367336915,0.10033629962466911,0.11257629945912348,0.15173659229705946,0.13007272463682176,0.026685958769029565,0.12763765199841187
46,1,1.5,1.05,40,1,0.1642710386576548,0.24635367144790615,0.1925372945897147,0.21500740406300684,0.23032615575077606,0.10581743488133381,0.2938133647937837,0.2594750305919365,0.19022311522609162,0.3084450705862189,0.22928451667455232,0.2668495458660302,0.3455136118620625,0.24066330611887776,0.18550658774477238,0.16773288409161294,0.19880740190808183,0.18505954115222364,0.2350318746665561,0.12383986993618752,0.3188305951030954,0.2430350970217675,0.25701960764148474,0.28110194259371685,0.30802739743984925,0.19213721475680437,0.19383608548208503,0.19862613903667276,0.25588352042458284,0.29474230328015766,0.2591057753595327,-0.002544682682635666,0.1544087112185571,0.22368253668597585,0.28161751656256295,0.16308638387319327,0.2417714389006719,0.1553707139471718,0.26277918054242666,0.02684948642050813,0.23430027619605698,0.21109866571118124,0.10998141185332243,0.2694895187260017,0.25671992776339997,0.24102854951791763,0.33681562918103447,0.23842135338240367,0.2534259878911661,0.24225191776551713,0.22517346786554956,0.22992079082090078,0.13829535910639468,0.16424913348643697,0.3032353493739534,0.290370275849725,0.28255537084252014,0.30309565030812263,0.2955436920791502,0.2215560143502925,0.2884511127395522,0.24460240930861557,0.216893344994241,0.34496799996027594,0.20104361156313977,0.04892269693644038,0.24625191536747373,0.23438534491520635,0.2581840531735066
47,1,0.4,0.2,25,1,0.168915202330713,0.049790878283731674,0.18644629664493723,0.09968466664708588,0.22016771039510408,0.08233965742235438,0.14858262606281722,0.1620241937442464,0.16839193590356136,0.25603640238077013,0.1559228715671258,0.16376216271071348,0.18454399413234474,0.16747094513729424,0.18626000893236733,0.0757087499194427,0.21202533705765994,0.1435866038121937,0.13835199463985284,0.1621651025092378,0.14780890141428915,0.20001430659160827,0.21395711607359566,0.18367762692628054,0.22423440832477404,0.17436058638281712,0.17053749718520184,0.2464756873908502,0.1792270927220248,0.1889606416037029,0.14141222489932562,0.1278595893216538,0.09280761739151681,0.04388430522745272,0.20191423074268666,0.09221577485103064,0.18336192385557948,0.12734418281006005,0.19618082612856455,0.09315339956794054,0.1711597785724082,0.17652849815412153,0.19144186204112223,0.26886038964799647,0.15438319210783638,0.12388217776859496,0.16052399003804046,0.18743852841054387,0.22829762166414475,0.07841639936370298,0.2441474521425503,0.10795457104933168,0.1677239670699471,0.16227857178601005,0.11263832919295634,0.24950695017513605,0.2057784327425408,0.2868168997253216,0.22743643886717088,0.1825029015295697,0.20706172230988065,0.26505968758675563,0.15211847965913974,0.1751383485227195,0.10700733550322981,0.15056239756693304,0.025981683258178123,0.07248156520923961,0.16357821046232116
48,2,6.9,2.9,30,1,0.1215040231852586,0.1310641186331157,0.11937652958849373,0.0854932797518173,0.18856349279089818,0.034318500316857174,0.21908561620994302,0.16869931001246533,0.22118687497136227,0.1276545236689381,0.1464280657149759,0.17803450442786256,0.15228036871586767,0.10289569726416156,0.2279472652146386,0.17082945019979484,0.2093259362484403,0.13059802377023697,0.12909013232211644,0.10676899352975572,0.14549974896943196,0.2073907358478475,0.12698251777690236,0.2402557060986348,0.2059472150365683,0.0930480832083989,0.13069879215312932,0.04796187851647487,0.1604486995404902,0.17196578189102824,0.11600005200181086,-0.01579801322437629,0.04954313847036946,0.16752576873731168,0.25056876310589676,0.08527704599896639,0.18317639073090958,0.04301197690528818,0.16031447866179288,0.11929672148735944,0.19362319449229523,0.1528110729772271,0.18824024870482628,0.18075446887442748,0.15750456813065422,0.14507080985779938,0.1864758144550176,0.13781351854900506,0.18821331968975327,0.0664149298623153,0.17744741681368303,0.030867353070091034,0.14795813770667363,0.1541464483035815,0.1419634329202197,0.18992450115953793,0.18278515809138943,0.19405323658736953,0.19735722604980163,0.15973917681812577,0.20153807251932646,0.10844058735889536,0.13974195256741903,0.14400551645263673,0.18406486290378127,0.15416583745917997,0.0743637456335934,0.1367162620649639,0.159500855694804
49,2,0.3,0.0,27,1,0.1777837467729226,0.12173735395748826,0.1707366138228978,0.05752082365182454,0.2383721684504518,0.21916970238076655,0.1296303335811186,0.18439370104507688,0.10493138544620174,0.259898965378717,0.08833158148074327,0.16947443369596576,0.2387106929770199,0.23993466662767385,0.2609244829069802,0.16431652128821692,0.20153402297169537,0.0654795348500984,0.1989132141744265,0.1153405665443592,0.12207884082175628,0.23075619965863517,0.272557324559796,0.19962527066606187,0.28534723044858235,0.1273153396931736,0.24214622151767715,0.2060810825468713,0.1595015118734072,0.19485871937350197,0.20039981869159465,0.1795290903093204,0.1661500006092303,0.15193060618056106,0.20429643910113204,0.13434898609448942,0.21347879929266048,0.11225437927427333,0.2068194632326354,0.1566177618477224,0.19475488943510955,0.1473846360632283,0.13684852474166578,0.25572999998679036,0.037549174829618136,0.2087605860298953,0.23197020677706556,0.23250220038543498,0.24807975702776464,0.1314184705817753,0.18532484960623047,0.0667089821475306,0.2318485543424005,0.13571346081306798,0.13743212054834386,0.18411153258631138,0.2405094063977048,0.2118290239733147,0.25725850532634004,0.1574609693028932,0.17713680604794038,0.2046841602355184,0.1552416106699589,0.20559175405990449,0.15338235350674934,0.17497459621618008,0.2297197330092688,0.1644193317735679,0.1992336132780996
50,1,2.5,0.5,34,1,0.0710103540288698,0.19943455421266373,0.17845684132627976,0.170659916381429,0.25954836372803836,0.08830819881611332,0.21878140511625482,0.16911905087393925,0.14147480353576236,0.21215965618305743,0.21550054862929566,0.14380548395974183,0.27056093681136667,0.08749762706727822,0.21291886452215583,0.24484806376472137,0.2201095677138961,0.16158644543402273,0.2141592935651774,0.12137639318195018,0.16619686612769577,0.14168112507318892,0.22865432033665353,0.21356398316508346,0.2685045502838168,0.10041547050975001,0.15539919921308712,0.22520928704476437,0.2385410727144282,0.2280402964745913,0.14540330057767245,0.0689168119548574,0.19644959934421627,0.15395718872103928,0.20883333257493844,0.16350699209270292,0.18011470318890913,0.10592208287924419,0.21585133741325963,0.05643856257468362,0.23026673594415803,0.19449497874425029,0.19312796850374647,0.23611038492859843,0.16500240095528548,0.1673637590800282,0.28364402078704554,0.1696283109848216,0.2544236424733,0.13101771798765677,0.16937443234950827,0.10588353983353577,0.21913534205190177,0.13823653436669517,0.2051378481702383,0.19620371611023238,0.20429851892474954,0.2538402381960285,0.26009428204945917,0.15462724029029548,0.11611426650991996,0.13306440581885298,0.21717392145618794,0.2730939815282783,0.12233716898424547,0.05626438831880878,0.15242929331876018,0.12157673945563642,0.13029042782912426
52,1,0.9,3.5,36,1,0.0810507455517701,0.3854748170234952,0.3466777062066914,0.30527411776804103,0.4360297201506111,0.15990096325244363,0.43486640035564506,0.3775045654833707,0.3219122865583556,0.3507972533876941,0.30640823058438293,0.28856655709019485,0.4943660881920994,0.3691695645622157,0.23939165277467467,0.20680099809108604,0.3220814190273494,0.27168564623278585,0.20390714613660413,0.2550922634636795,0.45397944905976745,0.40787107354091684,0.4326480030285767,0.38313434921160466,0.4119180663927428,0.3299793050216392,0.3529273082829712,0.33744966376236285,0.44860799249059213,0.4461670674766297,0.44801850284017813,0.19155160240339983,0.20069171206629127,0.44156261192998997,0.5087531903510855,0.41719726562562626,0.37819251593868664,0.30584132425562477,0.44214506391106073,0.01238483263023036,0.443078371295083,0.3524234853521551,0.3422538691240093,0.38029260720455493,0.2571819838436314,0.2936594064119429,0.5022260151272031,0.3091410936753253,0.3667228783746923,0.24226048464046784,0.26978351480740365,0.2971872462703633,0.24616790435233943,0.26398620180432214,0.43429374284193023,0.41056464554271255,0.36058835803815936,0.4415458763873502,0.39826626615774724,0.30356015941504483,0.22009258420468597,0.4449873131024805,0.4093330959022347,0.5206613647579333,0.448406793198896,0.22591630648983413,0.24213435453277682,0.3970132373811925,0.4723067309136258
53,2,3.0,1.6,38,1,0.1666354327307661,0.30950509958205047,0.2983859197465812,0.19140615500009428,0.296169847358415,0.1911750679200111,0.19158812015661641,0.2863872080748596,0.2158503425426508,0.3163534683364111,0.1475691149865408,0.18631983986241915,0.17651092835285506,0.03417193871003137,0.3118510938526774,0.25333723954963844,0.2940879604039226,0.21620517002332287,0.18267367775284435,0.23205203130140187,0.2875454240805026,0.33458675592410775,0.26674473389444386,0.36948365824242274,0.31759667537552544,0.13109688041438938,0.16594231499981907,0.17682960201660353,0.2384308953343363,0.38626196812290337,0.38859750072364524,-0.008019285460881254,0.15904257402721272,0.33731630566405496,0.3888546796164596,0.3112068282097251,0.2724661823793197,0.16407302627102294,0.2604617387285094,0.10508105335991913,0.27289973036067955,0.25885754690708407,0.22222344552726409,0.3244836160939753,0.17985052992338624,0.14659814009275127,0.3295552417708404,0.12044483775728392,0.33352745506137693,0.28712113445105786,0.2856648037193785,0.17450367590856525,0.077416295565416,0.2164951065708401,0.3235354657855089,0.3061764833662205,0.3307807224528889,0.3294761084635772,0.3109945646349387,0.17512436958362604,0.11764707414690083,0.1243893471836526,0.17951987647938594,0.40531467401295007,0.3467281574677599,-0.005264619171647849,0.11851586809710458,0.31541514181784347,0.33018463388521563
54,2,2.1,0.0,44,2,0.1230318062921025,0.1397480759570777,0.32412319000308276,0.3187897522262119,0.3635419059975568,0.10111920487090022,0.3496981546294095,0.3101486666903766,0.27794060058523645,0.3845009907030833,0.33000910628476743,0.2670034135514103,0.4390755956584594,0.26991550782644835,0.3004690496213159,0.1905235158768598,0.11611850384642461,0.3073867803843569,0.13274766573347468,0.2626092708357093,0.44834195575316105,0.15971630176738785,0.29830108072603706,0.35486580657987216,0.4134276372469847,0.13712842691701552,0.2828375828619816,0.33309235813364263,0.44932045654718805,0.3557955186537783,0.41254924990214414,-0.011031226578894228,0.2316965741906825,0.34643382501579517,0.40966300359575764,0.14284776625730292,0.19071339904250018,0.2831773173820241,0.41827090376475323,0.15390641767138913,0.36749481543615187,0.3267717110618929,0.0794463665558353,0.42251785732454605,0.3625805713161993,0.32831665659083004,0.46614126730535,0.18464297250634149,0.34654611324716356,0.21872426568581935,0.07042948012769178,0.28408375390098195,0.1633197699658132,0.31870335108071707,0.4699707533088724,0.16751429461730877,0.3480850142203267,0.3584710374542563,0.4273655233871674,0.23902587642312853,0.18648820800998112,0.23115418968976714,0.37213722750167366,0.36030395991679776,0.3252449888153511,-0.0012736977024199346,0.1522110366141777,0.3281346055251979,0.3843217886080455
