rid,treatment_group,vas_t0,vas_t1,age,sex,eTIV,lh_bankssts_bctstr,lh_caudalanteriorcingulate_bctstr,lh_caudalmiddlefrontal_bctstr,lh_cuneus_bctstr,lh_entorhinal_bctstr,lh_fusiform_bctstr,lh_inferiorparietal_bctstr,lh_inferiortemporal_bctstr,lh_isthmuscingulate_bctstr,lh_lateraloccipital_bctstr,lh_lateralorbitofrontal_bctstr,lh_lingual_bctstr,lh_medialorbitofrontal_bctstr,lh_middletemporal_bctstr,lh_parahippocampal_bctstr,lh_paracentral_bctstr,lh_parsopercularis_bctstr,lh_parsorbitalis_bctstr,lh_parstriangularis_bctstr,lh_pericalcarine_bctstr,lh_postcentral_bctstr,lh_posteriorcingulate_bctstr,lh_precentral_bctstr,lh_precuneus_bctstr,lh_rostralanteriorcingulate_bctstr,lh_rostralmiddlefrontal_bctstr,lh_superiorfrontal_bctstr,lh_superiorparietal_bctstr,lh_superiortemporal_bctstr,lh_supramarginal_bctstr,lh_frontalpole_bctstr,lh_temporalpole_bctstr,lh_transversetemporal_bctstr,lh_insula_bctstr,rh_bankssts_bctstr,rh_caudalanteriorcingulate_bctstr,rh_caudalmiddlefrontal_bctstr,rh_cuneus_bctstr,rh_entorhinal_bctstr,rh_fusiform_bctstr,rh_inferiorparietal_bctstr,rh_inferiortemporal_bctstr,rh_isthmuscingulate_bctstr,rh_lateraloccipital_bctstr,rh_lateralorbitofrontal_bctstr,rh_lingual_bctstr,rh_medialorbitofrontal_bctstr,rh_middletemporal_bctstr,rh_parahippocampal_bctstr,rh_paracentral_bctstr,rh_parsopercularis_bctstr,rh_parsorbitalis_bctstr,rh_parstriangularis_bctstr,rh_pericalcarine_bctstr,rh_postcentral_bctstr,rh_posteriorcingulate_bctstr,rh_precentral_bctstr,rh_precuneus_bctstr,rh_rostralanteriorcingulate_bctstr,rh_rostralmiddlefrontal_bctstr,rh_superiorfrontal_bctstr,rh_superiorparietal_bctstr,rh_superiortemporal_bctstr,rh_supramarginal_bctstr,rh_frontalpole_bctstr,rh_temporalpole_bctstr,rh_transversetemporal_bctstr,rh_insula_bctstr
1,1,1.1,7.4,18,1,1327438.357,0.0827958684740388,0.022575210730223443,0.04069943972395857,-0.10419513357568634,0.010906558149595026,0.08679157438552182,0.052677565639966686,0.08161448619357085,-0.056593709895234205,-0.02663806865065516,-0.06216724948289051,-0.10819647374532505,-0.09825086318562286,0.08027552896797599,0.04791942756092642,0.06753580461859394,0.07750290353754784,-0.07261853605885946,0.0024674475213280786,-0.10305474740929745,-0.0006842785604844615,-0.08710370022798714,0.07506362586876872,-0.01056574703208387,-0.050197791495350384,0.012218428189034066,0.05517785747240024,0.030015485142545373,0.08287508244810107,0.046135172937451494,-0.10028933159725008,-0.032072642726862055,0.018073475661909387,0.023146543434931124,0.0779284925928641,-0.030803631311937637,0.07054043559562281,-0.11295259466241282,-0.04320779189479921,0.06886102873328241,0.041227658862481795,0.07018510491673535,-0.06130777453663457,-0.03282767953991569,-0.11190932730064264,-0.10565212002542532,-0.08524985716557,0.08426712418715362,0.04110314741799838,0.031086967580096533,0.057812371506974214,-0.08966270590724264,-0.08425663812375829,-0.107704418829165,0.013540265264317381,-0.09402657479821172,0.07422877124800623,0.025516581558308746,-0.059783154278865616,0.004435180428991966,0.04796549703059679,0.016483699500465198,0.08786633687896694,0.054431958884867467,-0.07932519747022587,-0.006839004850454281,-0.09826607709049724,0.02360200993135907
2,1,0.3,0.0,44,2,1029001.434,0.05536405645967303,0.0016837566943545422,0.02585388080538235,-0.07672928013659826,0.029907931952612158,-0.01721093616277593,0.0022793305316096673,-0.018926184125624676,-0.07065092100110996,-0.04678888070067496,-0.002847159494787089,-0.08042004649815314,-0.027763310355692444,0.024967581240331257,-0.000615736058490386,0.060184422277695736,0.05260226972172079,-0.024582382505830978,0.0240423620334405,-0.07831730624287345,-0.02186590232521298,-0.06926495736441832,0.0099601202141162,0.011250398929107796,-0.04612764554646378,-0.027251503793904182,0.0038062972099878935,-0.013565620380421637,0.03374860564255302,0.006831879075344092,-0.026428032603439316,0.006166286878486443,-0.02987258814462596,-0.01294612658283136,0.0566704797170883,-0.046138294817945326,0.05569545922026054,-0.08507011451901848,0.0198154557271213,0.056127548280438345,0.004497492032791707,0.06350483559896558,-0.051406254231680715,-0.03759109888980228,-0.04090271759708993,-0.0889735128946191,-0.050792596167677666,0.03734359164183531,-0.003296442995838762,0.029832348804919855,0.053714405746062385,-0.03394632043666709,0.04066621024660994,-0.07341067751437509,-0.01071050224285483,-0.059418233460578944,0.012995435489238025,-0.00564028152023675,-0.025685534055466436,-0.026875290435052164,0.0075055441900090175,-0.014681684836239897,0.03214376105303254,0.002271908780805807,-0.010679446914459073,-0.00827786366418606,-0.04097666406976722,0.006396111823073352
3,2,5.5,1.5,39,1,1798650.755,0.04868270223596387,-0.003720914758741538,0.05022209336922483,-0.08142018595319594,-0.02190829384124758,-0.006762199468476635,0.021138761079702226,0.02137546658043288,-0.06795912312721436,-0.05257452808312705,-0.070447825676965,-0.07953444516807871,-0.06863159819126229,0.04890548559394674,0.0015195429858422542,-0.018036208639265864,0.038438763960212494,-0.0301284770410665,0.002450909731678041,-0.07947141947897987,0.009843925386294696,-0.01793836042864351,0.017224710325617204,-0.006806638535830996,-0.010614415031047342,-0.0013530587438683706,0.023561474789902708,0.0011784634542602664,0.04857662179123092,0.027070418975411563,-0.05018305625790217,-0.005434347006307027,-0.06519563794022493,0.0003115321505108823,0.046370474616435904,0.031521288081002415,0.033632953433622895,-0.07327336107300507,-0.009789197532983995,0.02580992460390211,0.014705950362629283,0.03420916598393293,-0.0655087702586666,-0.02967763110441684,-0.07966342339057732,-0.07866587491082494,-0.0762303081027561,0.047318134186377904,0.027761913155616286,0.002414161410473328,0.00157783106327359,-0.047310278830066756,0.025272873476287257,-0.07973390630488586,0.008167978585123187,-0.05636289845365597,0.014048819794009716,-0.009860489222367695,-0.018495961329703426,-0.0023405200543430644,0.02785309700724318,0.00334089987608108,0.047214667144176166,0.031309895648930504,-0.07377714581401998,-0.020384849105251762,0.0021698031277316817,0.0009354262063870621
4,2,1.3,0.1,46,1,1667457.531,0.05330988010794678,-0.033759811118453054,0.0242482818320565,-0.07437650730002231,-0.02485673792286164,0.0212288157995913,0.02923840018318069,0.05376707365834581,-0.0570032386486081,-0.028819495830114533,-0.05320521529822146,-0.06996406338773971,-0.05050745319818183,0.04225156374899072,0.012735217899966267,0.03572465935826478,0.0583330118602865,-0.03268691293871942,-0.010148778963082042,-0.08077000368994734,-0.014187576011076173,-0.06135616478858992,0.02583533115724359,0.0030144319077243823,-0.030323095651726386,-0.008201653464866414,0.010909914216569528,0.0017752953105915966,0.03066690994452382,0.013207467734082191,-0.031523219668699316,-0.007776514357841768,0.035721529842949705,-0.024695399109277677,0.04577320451128016,-0.06735619002369989,0.0563854377983242,-0.06782699155833942,-0.00267805042057218,-0.015392508443231142,0.011768602919438207,0.04003129136270983,-0.061652876913038814,-0.026314166927168783,-0.057512618541785174,-0.06644246532868783,-0.05819477982776506,0.05546902902439733,-0.0010277068913419841,0.04275601392176006,0.04333907572870689,-0.045224072815542145,-0.030123967537859564,-0.07187803948697004,-0.01948157342060333,-0.05739628104862241,0.021956377809181568,-0.012503828088236217,-0.023900656240622084,-0.014931630176396761,0.010133684988539086,-0.0042541968862704295,0.030679166393311405,0.029343111250424016,-0.03764995039367362,0.006210509883933747,-0.03567719906103043,-0.004171340861483749
6,1,0.0,1.5,46,1,1164399.58,0.03736329994555812,-0.05859629056209581,0.05884164744399437,-0.03534037897268562,-0.03334883391942492,0.034940354782107434,0.059802426214404264,0.0586973869477676,-0.08565518211793037,0.03093534537182601,-0.011970025210427523,-0.034375989688894645,-0.07006085646019325,0.057977252541254444,-0.05171071953257862,0.02884575700096065,0.0395244353843011,-0.07611055308777911,-0.08646060086129213,-0.07292791026834802,0.028984507997802073,-0.06851327537999055,0.056327189858699084,0.05594378156747311,-0.08616338769643872,0.006009208792741392,0.055910252643065796,0.04889082353025496,0.06069681604358227,0.05471791906777522,-0.08874788818821353,-0.055331633289430394,-0.0408901254402134,-0.03459541484998399,0.01491693236280684,-0.055904902754477265,0.05726571894821102,-0.0672195732785563,-0.023919229061288443,0.06289799837998379,0.05398561329960539,0.027998980640778628,-0.08538786557221072,0.03376042828909868,-0.0701048330784535,-0.04925670026392045,-0.09328309797210677,0.05851561224563576,-0.042932041593173514,0.022406534638478505,0.010072109582811418,-0.08585053908974996,-0.07024982667596563,-0.06244609469962208,0.02379615538083784,-0.07776374138753928,0.04933918652562943,0.0570932287789316,-0.047755403298469994,0.019785805727611974,0.05713219684003612,0.04978557214079932,0.06216339649527936,0.016064699161052208,-0.06641610598918049,-0.024832701576619164,-0.0934195271310184,-0.0067680397528025096
7,2,9.0,0.6,40,1,1464311.501,0.06074519262856533,-0.004504251687406569,0.06384898655929433,-0.1022314936426631,0.0384799816257835,0.07345941561586028,0.028277511056171573,0.040251979800078365,-0.038809542883799064,-0.034892013664419116,-0.054635828033655326,-0.0931675813811994,-0.048124543653326086,0.07142590454771887,0.0596686627327375,0.06720163765878658,0.014512648053837231,-0.05170142867702476,-0.0012563205456659825,-0.11221799452345836,0.013178224470474327,-0.0286932865336961,0.0462025899449213,0.003894692572310577,0.01968282887740125,-0.027503863290120324,0.03278930344284349,0.004822651110971443,0.07915304423629461,0.007493342124397139,-0.07858758820647671,-0.009601203099517118,-0.009777361218355539,0.04255011004357324,0.04306937098006367,-0.051094064617447844,0.031343866034914215,-0.11053386926555368,0.013936922273018812,0.05338980179083452,-0.001658654204605248,0.04726799931477725,-0.06366582950018262,-0.018334788771893967,-0.055448376436761884,-0.09346234145682004,-0.08389635055355497,0.05625526144386838,0.06516552559556137,0.05699726374531535,-0.005182323129848853,-0.08548977000951576,-0.03891656247163997,-0.10935932895000411,0.017816812284991695,-0.0966898346603788,0.04774141593508181,0.004585889490711561,-0.04057358437624921,-0.010854825762061218,0.026922560776347332,0.006085678770348464,0.07773428007919703,0.010344252504987939,-0.08371216988291841,-0.0005634794925997299,-0.07506381056781151,0.02755060071565743
8,1,5.0,0.0,33,1,1472909.196,0.0502145162247436,-0.05205053910821003,0.0531567158019455,-0.09136633926873358,0.015362896776031214,0.017361383064192815,0.01095530260457313,0.045761711974074436,-0.025235330423184932,-0.013275455946235259,-0.03826749993143342,-0.06306451641893739,-0.08460924199792187,0.05892795884958306,0.020329057935829568,0.00021955139911503314,0.03676849965070336,-0.05461304174268073,-0.03796500465046823,-0.0908633139739751,0.018050388197691745,-0.05690731189934654,0.027220379209687114,0.0020294682102553565,-0.007650576083694518,-0.015240693025473873,0.016360771190882185,0.010502918769859551,0.05305669394814709,0.029328511317547944,-0.06051686192743224,-0.0029803295086421786,-0.08048523562737805,0.000707415926727305,0.028348865715434133,-0.008556925417874279,0.055810233052942845,-0.09118573649472107,0.005205211516911061,-0.007161015428785485,0.0005709161574571246,0.04173809998220777,-0.031044716699341543,-0.02327467163671951,-0.049474071739673615,-0.06997009307683653,-0.07471332348606552,0.053344993912739495,0.043263780810212225,0.014062313764344369,0.02404583560378344,-0.04886965390895398,0.0024999484575740786,-0.08910207755702844,0.012980473372046886,-0.02218639418205944,0.024438677730761606,-0.004402907823091678,-0.0578115149764539,-0.017333250810955044,0.024830896251934943,0.014457702552911268,0.0561236245738989,0.026007658144540022,-0.07122037529581832,0.0012430965336657368,-0.07274369830471317,0.021320932580887523
10,1,3.04,8.4,47,1,1282367.848,0.04996674341953021,-0.040627573704789276,0.02661325862723761,-0.0759878244616648,0.014938044184859047,0.02984114225543054,0.015265090229977308,0.04359033354783998,-0.043550643248963794,-0.03589529529108204,-0.04276616796080935,-0.06857645243325076,-0.05048734504929155,0.04457619460692341,0.002942782933408903,0.024331481068432234,0.04765777055333173,-0.05544008642105248,-0.01875429431025697,-0.07474608954217658,0.009084279438856611,-0.05606023952365861,0.02573592248702703,-0.04372310469362136,-0.009686806646736457,-0.02037636838336164,0.009305960004357166,-0.00016283534120189392,0.04099739947681736,0.015317632363382513,-0.05885683577634612,-0.010765367875968676,-0.01036628593528357,-0.0009562897259427246,0.029840911542583184,0.010621399311361444,0.02217334325219709,-0.08065903420554503,0.002167082730195553,0.027089638672813738,0.017521128065209533,0.04543096650987042,-0.06067271835734224,-0.031447808891019724,-0.07563654296998294,-0.07667622042558475,-0.05584026312820491,0.045145100685206774,0.009837088235238397,0.0299927020497911,0.04440429701156728,-0.05690209360185049,-0.0481716929510265,-0.07464411484509399,0.0023481326684894094,-0.04062437256852811,0.02348566268003421,-0.013364913554946298,-0.03842627812859424,-0.015693187106379437,0.013298847891425075,0.004165551608301494,0.047110307559866345,0.017699144458392865,-0.06173346314477737,-0.041595729144854404,-0.01430892274992622,0.011262758753363657
11,2,7.6,4.0,24,1,1735331.627,0.04741324196825169,-0.0022873087371205665,0.033113124384656425,-0.08604486662419995,0.011431901212090211,0.05061252711399763,0.006155744662734618,0.051737366081668575,-0.037377161521004336,-0.041196716903595006,-0.023780442427181966,-0.0724004685285448,-0.022775955491995275,0.036312145798605505,0.016388804208059268,0.03639571310859133,0.021074039563440852,-0.05908481208168898,-0.04245699606386724,-0.08253669492164036,-0.004384469204870925,-0.06073604256735263,0.024100021313451136,-0.026017380940542807,-0.013709396154662679,-0.029047618774903007,0.010772997579252621,-0.012310207973139035,0.05216885954073375,0.009625214054855082,-0.05547681291117828,0.012670991520443353,0.008510403755912159,0.026209690424002476,0.007590498497831505,-0.02649408087338013,-0.01398644881977437,-0.08436182472638233,-0.022624993904606414,0.053900588657849205,0.00830993764746156,0.03986477965806821,-0.03478256566284771,-0.04504463776828514,-0.06471744844587503,-0.07437036668758949,-0.0512084631030558,0.04653943667619013,0.028014822041115762,0.04873887575799038,0.010518225380676725,-0.061597213288712656,-0.05858994828820255,-0.0854531306161637,0.006015242850849862,-0.007636028093036536,0.03453725676364846,-0.018121318233608207,-0.00915205903586871,-0.02352458826993331,0.006222163670362631,-0.006206473858839229,0.05434297544790419,-0.01632864476432355,-0.057665919988781365,-0.01246367505098748,-0.05424543663546792,0.04081277430848255
12,1,1.3,1.9,23,1,1600855.4,0.07451189811017639,-0.019343539998686637,0.037763185015864655,-0.09034422619938888,0.023490942520187172,0.055530478495869215,0.028753916503689,0.04570924950600662,-0.07939479494125805,-0.02134094236323579,-0.03703448679008079,-0.06536771380039312,-0.05066519765170923,0.03579173800492192,0.018535443180432116,0.04080378440597692,0.040296818052102175,-0.07443146776979193,-0.004560438163193552,-0.06337048853681085,0.01832767796544778,-0.07581575198269935,0.045335102804827124,0.014555412163094356,-0.008881449353690318,-0.003355384452607766,0.05045433480225331,0.021786070675087317,0.0788227766088458,0.0576280200768639,-0.08636874012135809,-0.02514636984043198,-0.0017439983999167625,-0.054300444409736005,0.07177232857418275,-0.06830315028978755,0.08100097322217938,-0.08698691528865023,-0.019791462313205412,0.07883171295043538,0.03585711311514186,0.07412913438540666,-0.08708503181887206,-0.01089109405581822,-0.09823657882012049,-0.07396061956731743,-0.08560100035900646,0.07047549756141445,0.005348765078410807,0.012238155368087067,0.05398480527479235,-0.08242783098547646,-0.04933077237857456,-0.07658169102991771,0.0037605589763065853,-0.09113118115643332,0.0464136508765002,0.0187874740531605,-0.05486645265045683,-0.006456196463139213,0.05047685516790249,0.011305821218459819,0.0812272496942828,0.06018247254044719,-0.08928812314823499,-0.06743320706594487,0.0005595350178785497,-0.002650480493654243
13,1,0.0,2.0,33,1,1434115.26,0.015234241454697059,0.010107017240879576,0.005302305693427924,-0.048097284387811065,-0.01745017158418265,-0.028842456754856364,-0.014794776637705473,-0.01253524116552188,-0.030569740156489975,-0.029219285884008316,-0.04265529705892942,-0.049469003859236985,-0.0069343807985990805,0.016011127262815072,-0.0008280466556033952,0.016314547974765854,0.01711212386071483,-0.012609448355542266,0.0027001461269197716,-0.04864216445493484,-0.011558804388720334,-0.012715647426793578,0.006841437044388419,-0.026202639523750678,-0.004863058411586219,-0.022249743080289045,-0.004722140635584545,-0.01511998791762731,0.015232303424956573,-0.0018566404111260324,-0.026999614722724594,0.00014341357676588319,-0.018342408797148053,-0.0073665784987146455,0.010058158628422902,0.0059039842428378585,0.013361514092066928,-0.04770823941990338,0.00973396183131436,-0.03812148142812081,-0.0141669960710656,-0.0047275731547576855,-0.022275051830700606,-0.0299140817179326,-0.0388008876476614,-0.04935940572463945,-0.043981135633122004,0.015820051588976643,-0.006806542225701571,0.0002733606895567867,-4.690426563452285e-05,-0.025206201367507855,-0.03356306079226374,-0.04985944016251819,-0.011900656595434777,-0.013285133906857538,0.0026717736768484563,-0.023615601201842917,-0.022327347001367067,-0.02419097417934695,-0.0053622902955483675,-0.017750363587789586,0.015935700049841763,-0.011711427366354908,-0.03671305779720699,-0.0016851175020557213,-0.006079720812544492,-0.0009961059036185218
14,2,0.4,2.6,39,1,1445594.705,0.042761286061222904,0.026408060271754734,0.04296867329542996,-0.07956817723463129,0.01378411775914701,0.03560625199896992,-0.00035390210192027947,-0.02199274962575491,-0.034420981400353004,-0.05455502345233487,-0.015783845801620525,-0.08970115042875518,-0.039981943376322056,0.04147088905329315,-0.001965757105064961,-0.011564544927496862,0.033900077251037504,-0.012944490240745316,0.04254573387495294,-0.06564862555826796,-0.04970118944158457,0.007708717972865971,-0.04264625823588845,-0.02737552601692408,0.0236949659662321,-0.03130956203389513,-0.02634664288875406,-0.03596565034345111,0.020535316330772685,0.0016357861696953818,0.0043190816785579345,0.035947459385322046,-0.050828601716604964,0.0036380793670971186,0.04790068571321965,0.04787265528887395,0.02698693051199408,-0.0720599207498238,0.017061909969226064,0.061546856042953894,-0.012145899153908117,0.037751218502976074,-0.038659125112117616,-0.0555146717715914,-0.019771095773134777,-0.08796571149567338,-0.02791463942989715,0.045174552137831454,0.006256992046533484,-0.06778543901228408,0.04063518990601433,-0.01019306879943835,0.03127919646501119,-0.07237739497659124,-0.03806776139095029,0.005570139383461716,-0.03634936392453841,-0.008972424794483864,0.03570148148083733,-0.0339243972285366,-0.01878626858030874,-0.025057098213880708,0.026563699333096172,0.0067231220752018775,-0.02205773356728821,0.03199279375649418,-0.04466996033358696,-0.02226730132882435
15,2,2.9,0.0,37,2,917865.8951,0.009637411166437636,-0.04408405339095126,0.03148244597314317,-0.053678492562618196,-0.03895986024080407,-0.00442241670047104,0.0254397470203714,0.021870625007811888,-0.06583057142460923,0.01009442822826416,-0.06154966244801246,-0.058865331315559315,-0.060190903754777085,0.03342167673067179,-0.010178921479722823,0.022978802111151036,0.030413187268845128,-0.05412423137615737,-0.0356052396069736,-0.04934280307913999,0.01926672934185719,-0.03478482379873393,0.033380926448775904,0.03221942933730264,-0.047470750789233476,0.016763881648936222,0.02657217056644994,0.029781219780453318,0.035209837671921346,0.03104569334774006,-0.05853627489137025,-0.04315550484179322,-0.05771738434907407,-0.031053159563728363,0.019754599345571482,-0.05658297934755909,0.014468590179118163,-0.05226126589996134,-0.02608563720437897,0.01815985350002764,0.028478425219808506,0.02182549678424144,-0.0688935928716649,0.013485579803505503,-0.058654874237843345,-0.050593232836106714,-0.02553588463153732,0.03235541041537401,-0.00897285374098438,0.0023216217479747475,0.024992740770730198,-0.06743009668964989,-0.06394888056009036,-0.05108616807837658,0.013280021517618819,-0.04826964496282503,0.032682679626048976,0.020793522776122713,-0.016455720405322304,0.00572189044842411,0.029422692843185893,0.024190793459562227,0.03406139104204687,0.0268636985811027,-0.05980715525970151,-0.0466842466066079,-0.026701984119211184,-0.024971386698008156
16,2,10.0,7.23,26,1,1591991.418,0.06424687455421667,-0.08127396700144021,0.0724029051969407,-0.08878618413761627,-0.031062012726589535,0.06606115095229309,0.07112722255933253,0.026954415924276807,-0.08908667197813672,0.012158164436078502,-0.03065189310762497,-0.05911618031184216,-0.0658380334139131,0.06858963536874976,0.010808139157670786,0.00046532780120981537,0.03545614887385088,-0.05557982857936241,0.01098907284443339,-0.07374060669655003,0.021962505293152624,-0.08263925239520807,0.05958195687829221,0.055950853716367696,-0.093330597332841,0.018216444482816688,0.05748240552413915,0.05590907921489724,0.06635059178521976,0.06854298979929183,-0.09483408129495983,-0.011691237511699874,0.044902249686221536,-0.05520161492182673,0.04877132617365701,-0.06692644844148576,-0.03091695394302285,-0.08155540906942348,-0.026561794362254493,0.07783555181965332,0.07096223348083279,0.07582963700626927,-0.10593432311102333,0.02792711656954838,-0.1028221009607495,-0.07629102245343145,-0.0960019942606898,0.07602678458921135,-0.02441201601207376,0.02154274020763075,0.006625934958675887,-0.08189726782508328,0.052195705205737596,-0.07229536964654794,0.018769922406050608,-0.10099131725708459,0.056207061342651146,0.055569388046664885,-0.09163003740500861,0.02424090246349239,0.05975668420201955,0.04930312800221918,0.06353626893451159,0.06966246891056131,-0.09287325525581457,-0.0474333896217377,-0.04453964022014162,-0.033539663867890146
17,2,0.47,0.0,27,1,1286291.375,-0.0009952601900552985,0.04129633175871962,0.013077888887360226,-0.07373210200903318,0.013302597338990309,0.04251576715483052,0.011290920268800686,-0.03343776441530043,-0.04983842714744678,-0.052914645170857866,-0.028343166542967584,-0.07443133367395244,-0.03932282764465379,0.05161741016382176,0.02221323924977873,0.03581815082154353,0.020277311929916202,-0.0343653354673359,0.003746126928572219,-0.07797105094052514,-0.025934972368069548,-0.04408422746680918,0.021964814289353235,-0.04518269400619133,0.029098412888450276,-0.0313125298956729,0.007260052189850385,0.0020458481834958863,0.04231996273882318,0.00528898246346092,-0.048550508223984955,-0.010840525288943519,-0.02301226339733468,0.00197837620457562,0.029161643058177554,0.003122757841018468,0.005859601913535941,-0.06813211520785357,0.01382492226945775,0.0355450944037646,-0.015580142720817711,0.04294860354813617,-0.029740160419207594,-0.04183741238431659,-0.07200383609535659,-0.08375668858801118,-0.04076815762029001,0.04357416342704765,0.031083939209826834,0.03591588568295816,0.041429137775218075,-0.03242083726099904,-0.03522087848126345,-0.07462526797092328,-0.02641466039503616,-0.03304475727941653,0.026068744419303905,-0.02305702306917929,-0.02491234708883346,-0.018472532886003628,0.010610149727844381,-0.00372944578036877,0.03729984587984251,-0.0033720159534432782,-0.053440494517980934,0.004527757484989882,-0.010195926358492079,0.014402635043393768
18,1,4.6,1.2,27,1,1406717.299,0.055183774710041066,-8.590214765072917e-06,0.023048798170125843,-0.09291489426355586,-0.0012424884920055393,0.07157705931039078,0.035471178580513185,0.0674088280476358,-0.03370441449692667,-0.01680023069077779,-0.0790608838801067,-0.08469031021546643,-0.05716178079602908,0.06845115784983563,0.04782118307733593,0.06140262718170269,0.0086148983586517,-0.061363509680708625,-0.01156163092006507,-0.09594216968347655,0.008612221664666013,-0.06146055648586393,0.03031021678764916,-0.023491690989062678,-0.04471687792072997,0.0053335559532775925,0.029857010542635554,0.01790710457456155,0.059040516058553455,0.029100289795542043,-0.07348397119923872,-0.02640842559497314,-0.0224812774505435,-0.00989833989952917,0.04800461763229297,-0.058331117975144044,0.041148096905905436,-0.08567603517434239,-0.041838537736396,0.02704242284200875,0.023878894574507814,0.06081541070824458,-0.04445790997062847,-0.0287037193798123,-0.08915683385019184,-0.07758338751259759,-0.05587849357543938,0.06901945835662243,-0.0018356964066177522,0.05251163250654211,0.0064831067444243,-0.07332953929510375,0.0364388463805246,-0.09348014775901775,0.020099289807707664,-0.047076016607074805,0.04726096089971471,0.025091405782674367,-0.04925354248530012,-0.023690021163523343,0.029453118028963617,0.014775535354243204,0.06462652127470238,0.03512716391627024,-0.07702163699648201,-0.034253434580681974,-0.03866103560138617,0.019751815752972968
19,1,0.8,0.0,34,1,1589365.953,0.04933705329741371,0.019646787242139124,0.006266271523261804,-0.06779988982444642,-0.012858875822348723,-0.024962988782066115,0.03415506838278243,0.02303571721312674,-0.06432119385063118,-0.015505819383505374,-0.0789046018015651,-0.0670993236524108,-0.07381501274087429,0.0431988633126899,0.00014319687486473505,-0.006833179906234143,0.036822099152604225,-0.04506105354382231,-0.003956221548475523,-0.06443506132117949,-0.002709615971167136,0.01187344263961561,0.019511858027545348,0.009421249484667372,-0.03707966145983301,0.009395989483854486,0.029986382360150946,0.010399148612786483,0.045075490608358214,-0.0010042734315402785,-0.039414375607723214,-0.01451888352422964,-0.05964940534037031,-0.03179999811225139,0.041874907177813746,-0.0175496438059198,0.04943844437458899,-0.07879970163370056,-0.018292460272489652,0.013572410967248542,0.022157119922464358,0.04182729515584028,-0.04459814622064276,-0.012765770398964945,-0.07652860415866251,-0.07215948614031786,-0.06477351648853744,0.05116409624984297,-0.001102086829470144,0.035882068565002166,0.004110684951140527,-0.05609930409323486,0.033365932569937494,-0.06240830001899423,-0.021043625333269,-0.04310215930642185,0.022860361779561276,0.006835934650709812,-0.030620051930787207,-0.0010788953678730463,0.029626305848801653,0.010811127006101234,0.04120499884494371,0.009848538641309636,-0.05583388670248299,-0.018174632122279637,-0.049816725031063006,-0.007816382522140465
20,2,10.0,0.0,34,1,1426200.035,0.03875979944914033,0.027248719902310734,0.06619686072120669,-0.09394100567500777,0.006074742384785152,0.03949622945818232,0.04223481610286412,0.059323050425454715,-0.05192633583754143,-0.004042317202142454,-0.09765864305143822,-0.07612299558613134,-0.08924019301288567,0.06851731416502596,0.029125475011651625,0.029877906844596083,0.025081469853318963,-0.0019451943628087441,-0.02455939193164292,-0.09152811919938257,0.02262795744798985,-0.024933954836460014,0.044311222565738495,0.0280001767780916,-0.008864550539216583,-0.0027722172002569378,0.04979724337985775,0.024216569878235245,0.07010969310955026,0.03989244554919041,-0.07240449518514723,-0.03702130611908598,-0.07240833994582882,-0.07373447558702773,0.05168043200711268,-0.039228916323259526,0.025182523322655952,-0.08866303964848284,-0.030968875270522958,0.03385132181990878,0.03974535751152564,0.046239408547131586,-0.0727802174422566,-0.007341635231093649,-0.08056366309246919,-0.07110864968474381,-0.09343701942027115,0.06846370245080752,0.019723206381118758,0.053283748213978084,0.05326973511441918,-0.07084767142988965,-0.03724427855322325,-0.09836379479815767,-0.005995988414941127,-0.031330622263871434,0.052648165935627385,0.05704639142046299,-0.026116917112494496,0.0013357058632437887,0.051615146891898535,0.025306869353709866,0.06658849917976803,-0.022147863677795514,-0.0860209363165992,-0.030472878889525504,-0.07343552810705901,-0.002412314312235995
21,2,1.0,0.0,32,1,1744123.378,0.061408245190432253,-0.054077900160130345,0.06609603709076975,-0.07476037714070889,-0.041799845576220206,0.05214645623709851,0.04352775016593399,0.048263679959852764,-0.06527738697577326,-0.0009864415394565237,-0.05558158910825612,-0.07781438619380124,-0.0965649574050217,0.049265398837003725,-0.042781079599260925,0.03236952919947985,0.0035434100514854946,-0.06239038013073517,-0.045354288733279985,-0.06660470627883744,-0.0029129985234593535,-0.05515319347855419,0.04614526843186906,0.06184335280314934,-0.059857730013198635,0.008179493780843273,0.044289261519718764,0.03043810304575096,0.04314585705621039,0.03724445988958048,-0.03790227974248267,-0.011921433223740561,-0.020817087807970914,-0.039784164284191674,0.05734886130890005,-0.058238569883574134,0.05185209224034923,-0.07412798999968159,-0.017115123526391364,0.06908752265671037,0.04157154137851161,0.02091794283967931,-0.08248532516025862,-0.0027582830283848564,-0.07005897181563117,-0.08522864142004488,-0.09877061854491655,0.05685531943061999,-0.0066611645225890725,0.031352265810551325,0.053217862697951306,-0.059630104297790684,-0.018534574605511004,-0.06449950446337878,-0.008643747916584461,-0.07902658935718526,0.040938862824299885,0.05217709574828728,-0.05649908183167487,0.022480439557460524,0.04318304957592673,0.037426509313203085,0.05354455688935561,0.05368268872924129,-0.04308190976651721,-0.022778708045729682,-0.0107700739656065,-0.032866394361214
22,1,0.2,0.0,19,1,1828687.324,0.06582317534326715,0.06756766465187694,0.0525464723255224,-0.07666391705209126,0.004935511171390396,-0.029220499081560162,-0.044305251629407176,0.03168115127843529,-0.06259086033020855,-0.08351710570520805,0.0461700111607744,-0.087692432295035,-0.03710509234141927,0.06648419413148976,0.03227546738474494,-0.029719832204203833,0.07608782251675342,0.01992494039926076,0.055991822110848945,-0.08346007963323412,-0.049368159352337106,-0.013839041664717354,-0.013719883181854577,-0.0766407674774936,0.04220292933951343,-0.02453336572199455,0.010224690843433186,-0.05432501956338965,0.04441019735546207,-0.032416184726213784,-0.02217748061642303,0.005691640640652575,0.01924745106220056,0.013444505839759134,0.0614783824188243,-0.0070380078020252325,0.06681100975958179,-0.07614226321458803,-0.008594572526507839,0.00576663106013005,-0.02300363351181696,-0.005772627921718664,-0.06307711487937125,-0.06847850342281986,-0.0024671530626258612,-0.10042353507834367,-0.03643920447178969,0.05498566279709568,0.03228529431701599,0.009336579969925311,0.055563392651743426,0.0005496077719555281,0.05269805909815418,-0.07754263112089653,-0.04992993347173777,-0.05165168785062601,-0.00768388535771347,-0.082005892300153,-0.025403006840958215,-0.03508933347824338,0.002457716123381105,-0.05574130575671818,0.05060386459930973,0.018696036786394116,-0.030422008372245707,0.05034617280714612,0.028002973700105217,0.0588958689147203
23,2,0.0,0.0,42,2,1497274.139,-0.002291593555897734,-0.011630561198899977,0.0033397931729314857,-0.0352560458749948,0.005161789964331777,0.00048226219666444955,-0.01713244733931597,-0.02015484080045831,-0.020919684358561223,-0.04478573072403442,0.0025704682939791533,-0.04536491598913908,-0.02584653295251767,0.008483835569743999,-0.009724683538826797,-0.01749624154848704,0.021917687085939407,-0.0003522499670285163,-0.005672211836967579,-0.0423990707920237,-0.03745225010358204,0.00590516268888133,-0.022172732409955234,-0.025081909734337025,0.0064496648477712255,-0.020761021628952058,-0.014716216382550365,-0.026478671508216034,-0.01014404312225336,-0.01540172895194621,-0.004078435872700337,0.008969907148090468,-0.019041990027510235,-0.01926004466951003,0.013669294264648194,-0.006184976856714032,0.009645522523763751,-0.04036213052939677,0.00023585913506781427,-0.01885648938275255,-0.011881155450251014,0.00745284160648471,-0.028240401179938413,-0.047913732261842236,-0.033520544465887314,-0.04113713871442842,0.01760682303285513,0.0022696106695948744,-0.013892080413126872,-0.01839287175512154,0.01979935831474685,0.00419284842419669,0.007268074614080144,-0.039207055292083716,-0.040231023118691686,-0.01953347362867207,-0.018728658161188034,-0.025297820958560938,-0.0052261018252208295,-0.024242728327094672,-0.014672240105509734,-0.025417376357015367,-0.007999338024743119,-0.01180903475544462,-0.0004690206777300368,0.0020536540542136395,-0.00297694080812658,-0.01462780812187848
24,2,0.0,0.2,47,1,1151403.232,-0.022751269855901868,-0.027866676911902373,0.033845274377663825,-0.08483588301826255,-0.02687211952486898,-0.03206180607048187,0.024878063367737867,0.061131898365745056,-0.06429172065755438,-0.028415920783405275,-0.015473762081733403,-0.08035445208612409,-0.05756467447496303,0.06243489200322155,0.00016816862167366617,0.04399503764398335,0.050409570998018446,-0.02996960585012932,-0.01993356452531513,-0.08574922557637404,0.0031925638558967274,-0.0724029392003018,0.034491631573048846,0.002674062610084378,0.013125218696337482,-0.00020398217914011955,0.021888289999480254,0.005612894589469358,0.05016909862595359,-0.00352863373763223,-0.0664812824664969,-0.01785591664380134,-0.060927713960105434,-0.03829858562737413,0.04859805040281151,-0.06479939046420703,0.05314437734598202,-0.08745847903862725,-0.007336372385087435,0.030859608106970488,0.021670287884365057,0.062006542619620776,-0.05896584600463948,-0.03229926288760277,-0.06946848654564666,-0.07386759399814502,0.035263337845177926,0.06015536089839622,0.007561591563252584,0.05111681915981244,0.04852046439977022,-0.036124280836502924,0.0569950997025514,-0.08529524029403811,0.010371243196098001,-0.06760419125175926,0.028858084470035024,-0.029664731262245978,0.005783357705389441,0.004957014865260271,0.02633222879061397,0.009244294686542809,0.05626746660929355,0.028062025821290415,-0.04156952586571454,-0.04821003931869467,-0.010140728366461196,-0.04336376353554979
25,2,5.0,1.5,36,1,1375988.526,0.06406066417185848,0.06373024678166113,0.07513091561069525,-0.09847093201205176,-0.00853115886825306,0.06786924570997135,-0.00010036783917305862,0.033304560654470725,-0.07986226585060897,-0.04502706687286818,-0.03976477253807733,-0.10003516523658515,-0.08850042928447664,0.050988272078737934,0.012857306126032695,0.055472190832794165,0.05100338308373861,-0.0060577764449802445,0.03753306948159583,-0.0809422182955113,-0.03850050580666667,0.023505770602924553,0.015747361331916208,0.030756760643699584,-0.029893369719312977,-0.011545876848254992,0.006182401628263416,-0.008603990757720918,0.03411477909437331,0.00015980549964684422,-0.039917551787714514,0.0023889913000684827,0.004382257960483931,0.0055900273445249745,0.028242644881729898,0.007380935429065598,0.0642844040475513,-0.08240356895892917,0.01990786199433618,0.03113316761328162,0.0076869300481972195,0.0005095287058264615,-0.08728011703622089,-0.02047853684587101,-0.07406931304042663,-0.09479762853277422,-0.08446555461989103,0.03894330550108896,-0.015861215323656967,0.04620638774443041,0.05462795224112721,-0.01518992504439397,0.0092625822163334,-0.07254404151556228,-0.03216701296888663,-0.048747277394884,0.015101971616738546,0.023856680189936814,0.03389923062081004,-0.021354381771043537,0.009667337035907513,-0.0015123170326922072,0.03878057060014442,0.002777506314499926,-0.04766337959104377,-0.02616648643619397,0.02022923927861505,-0.026853126451488678
26,2,5.0,2.5,36,2,953447.8103,0.05757674531881397,0.0487477285829682,-0.0023195464639829953,-0.1115105868403196,0.006947438091520485,0.06221520886165616,0.02101062615721827,0.06348802897556331,-0.0618927006149664,-0.037706976304310524,0.013548302444956011,-0.0996817776878884,-0.041470827709611094,0.06519060033007529,0.025050633139606655,0.03227621165395275,0.06601934481460078,-0.03616206514133687,-0.002353595193751381,-0.10090035547625163,-0.013197972505526453,-0.03145142422983443,0.0071780791874483975,-0.010974839732435604,0.012627689509664496,-0.02329199494581757,0.0011856825134141402,-0.016700206221497312,0.04680986176263123,0.021878436866750086,-0.03850177847395305,-0.014516429623477375,-0.03740890589369128,-0.03708686003598857,0.06979382692470845,0.03502735665110927,0.006905821313718841,-0.1103247181849609,0.012482165544270616,0.07394131761036987,0.016585766343750353,0.061477138778469186,-0.06160767218245606,-0.03925299592819572,-0.10297122701191408,-0.10546129902151136,-0.03880315252133246,0.0531966532066969,0.00043460666039367413,0.05753491768830071,0.059168612588599304,-0.0426708176295005,-0.013796430652618555,-0.10229465966343167,-0.01685401345575976,-0.03293959008861156,0.010806726702525324,-0.0001451495500200116,0.020426507549103152,-0.02677537552776499,0.00299976218198021,-0.015334927738846019,0.05639636204302895,-0.031630567444807633,-0.052549930271509886,0.025569625553672152,0.022991898285522668,0.017926227231799405
27,1,10.0,5.15,32,1,1164877.976,0.04357763875077944,0.004521793829378148,0.04398599531217217,-0.07206286663235212,-0.0004665570934968654,0.03997972098593931,0.01661691845885416,0.02635977464630976,-0.06624627204013683,-0.02683267462186178,-0.03593333847138461,-0.07722978403822073,-0.061498249199224767,0.050234663926239584,0.022003695034334882,0.011122032141728744,-0.012153925515653934,-0.042204251500775586,-0.03320615147452672,-0.06907930294317394,-0.002257916436481896,-0.02831999606410435,0.01823583242766926,5.2519141811271307e-05,-0.04143912789942539,-0.02455536685452008,0.009852683088852789,-0.005468866206342488,0.04612755604182402,0.012300390605671273,-0.05275954048974688,0.008424917058752817,-0.019668601741148692,-0.027614444022516373,0.04525984647276317,0.035319803390302475,0.036350682403708826,-0.07056224382850247,0.015291768465959116,0.012599863820995774,0.00884466418326618,0.022167870824300936,-0.060097871077920896,-0.034303101579124896,-0.07876917691008173,-0.0715785656997824,-0.03122103507330702,0.04762717635830332,0.01972919853325513,0.026802022215009817,-0.03735067581380575,-0.042633225309491214,-0.033987688248759536,-0.06720582195805427,-0.0160034331127648,-0.025340212635921153,0.016751674495136277,-0.007285084402920926,0.00886118267423894,-0.016734673465502756,0.01450959679807376,-0.0021572302341398186,0.04247608905417708,0.013721439473080755,-0.047675430197537526,-0.03225960739678105,-0.013479549479546347,0.0050464056018508655
30,1,9.05,5.0,43,1,1328890.319,-0.002442879726890425,0.00928706746239506,0.03924313942104359,-0.04943789526103376,-0.031649574349380406,-0.04747580144382581,0.041299949849653385,0.009686549874579568,-0.07435734155663615,0.009401288618397678,-0.017990339307547357,-0.026266120501712033,-0.050912836285929415,0.029726938529089475,-0.03921459692581474,-0.046021087846730584,0.02554982989358573,-0.04061687601500757,0.012663078985269747,-0.03719324185198661,0.006953934349275066,-0.05603769971936663,0.03014300119498494,0.041735314598611906,-0.06216324693638389,0.028494377408521503,0.035840124029474646,0.03355958224061436,0.005119100504632286,0.04434608883850931,-0.03987932697285464,-0.05341824121290182,-0.05457914554970728,-0.05802212180132614,0.01582546900299458,-0.040117547380510196,0.043869253060041295,-0.029135251942242518,-0.03999344074379571,-0.0006615992573973823,0.03683601021684087,0.0038847037150895633,-0.0758119891343294,0.02135776838066452,-0.04391101894017276,-0.04383477940745629,-0.07369867566781625,0.03729542052180047,-0.04664660611006824,-0.03061706031200627,0.016406779155924,-0.04510215264252448,-0.0011004148649946446,-0.020650335582154324,0.011273690796626122,-0.05318896405791674,0.027876230537997513,0.04040487236925146,-0.07399661734945394,0.027221610371576492,0.03430818238338588,0.03578074792571292,0.013490370298721084,0.04183099641927114,-0.048137091536788926,-0.03935501181568744,-0.005155266987239474,-0.05858947117505608
31,2,0.0,0.0,32,1,1250820.328,0.022424799537666115,-0.04586549273896342,-0.0038556831242791485,-0.045439537757288005,-0.05949727633195357,0.05165557788572556,0.05460650684649837,0.03345602052499546,-0.08564054520964931,0.03437685241027837,-0.06192795254480148,-0.007563197665182698,-0.057426231330777205,0.03731537487527802,-0.01916409055860116,-0.004148010780604947,-0.002739615480648443,-0.049529303598273185,-0.04926112084521184,-0.01826340182709819,0.04203938997607284,-0.057925519764813575,0.04455815876583297,0.04852647916892616,-0.038420855673096936,0.040708110380679584,0.05562559083504392,0.0501138720108795,0.032587697581347726,0.05490646152698579,-0.07682578711890907,-0.06934639707281898,-0.0688616054080848,-0.05432718294699426,-0.01692982105449229,-0.031274106208855214,-0.033512382138486244,-0.028614313893503145,-0.07247178369902244,0.04459331642388609,0.05272361099561207,0.04897283557993189,-0.06653660582990031,0.039630030796564956,-0.053980080312256935,0.009703737375733606,-0.07058361745550064,0.05113808119400447,0.0033450190977012176,-0.027320243218652406,-0.06145628520719988,-0.07613956834927264,-0.06606182545553929,-0.024704248807104208,0.0377008085544896,-0.05741571607180647,0.05256908626761932,0.04376000951111783,-0.05568235576584296,0.025020230843706196,0.05440684640495476,0.049371503536697135,0.03969390972250185,0.04906808334254112,-0.07552921753514402,-0.06758304569387458,-0.0491070263148234,-0.04057126598869173
32,2,10.0,9.3,47,1,1558212.198,0.02856288243697195,-0.03984669224110351,0.011268358170881869,-0.041122743303339045,-0.03145833191805004,0.033308332812403786,0.034783520205866676,0.030296879795380545,-0.056797820453814304,0.020645578316546523,-0.04119424272670425,-0.02836196192676251,-0.0413883771447467,0.03496387400773712,-0.020250029591189433,0.028494357712010317,-0.03573566170322207,-0.060793237350004976,-0.048673272887381845,-0.038701127506943885,0.02896614818938023,-0.05131079134269105,0.03225204215470573,0.026885692647405306,-0.05681469942977802,0.01583753637594565,0.03418542627610418,0.03086695743439293,0.02669110245548607,0.029307861580894413,-0.06610834912228286,-0.06332883821785394,-0.06617926622170449,-0.029370653797683676,-0.014352659922116446,-0.005691422664367689,0.01641721025025926,-0.03925058681954381,-0.03127183296030838,0.021249269407147546,0.034483652626037885,-0.019218850148899548,-0.05498744794169405,0.023398749267780586,-0.05824699017565386,-0.028659654133785906,-0.04986039683995083,0.028148067899867804,-0.04275052356006829,-0.0036246569987648004,-0.001891637531172198,-0.06475411831624583,-0.05703483990236417,-0.03454985244599524,0.029691739256509822,-0.037149597521971105,0.02909360192942007,0.024232016144407925,-0.05511277425187757,0.014336313360753935,0.03533316077111979,0.03259896737360549,0.02694315729539917,0.005378195311389205,-0.0623409072257606,-0.0417627738407691,-0.0626684896153029,-0.0072504836483367205
33,1,1.35,3.0,25,1,1673313.54,0.0666092232280279,0.030406392590522097,0.05749040255237157,-0.06089538258989165,-0.0513744295654784,0.025065978825521692,0.063164151988256,0.05256382865019482,-0.1087304423522537,0.011116018379185848,0.002631289747789544,-0.052952961647470376,-0.09470791681279257,0.06416352054012577,-0.03548144035919773,-0.014944803891884873,0.05578814981896762,-0.07311938354702567,-0.002850770321508429,-0.05072038621265461,0.021733810972898414,-0.08255105614077847,0.06084401566357295,0.04327820720363531,-0.07147847032666349,0.040385069063632546,0.06391299380394273,0.056543687915941554,0.057379431840714694,0.06827168954498708,-0.06165784643899722,-0.061208815334857156,-0.007708896901215433,-0.06409327918108493,0.04015337295651447,-0.05137932005533344,0.07284607782200464,-0.06506555392622149,-0.08127082803008383,0.06766839762014142,0.06351209193943794,0.0635172862022086,-0.1001381841950146,0.02769786983058618,-0.08459916575408914,-0.0704154036093572,-0.105790455950677,0.056496156322657774,-0.040320481087454764,0.02396946404763554,0.03398605261226353,-0.04905358697623906,-0.06639131518421634,-0.06725252910219282,0.021595476866495846,-0.10205970378087763,0.06435021012653885,0.03873450622555779,-0.06526545504222152,0.04517923663150484,0.06921938253959782,0.05159242291227179,0.049683502650105606,0.07031822881403174,-0.07653485129331761,-0.05519600182843241,-0.021796109551587086,-0.057634264509185865
34,2,0.0,0.0,37,1,1361597.325,0.006239648931752038,0.011284685122818685,0.028272396607445745,-0.04661375632061054,-0.02012229357199501,-0.05127052543457777,0.00407204599848857,0.0006145921787801433,-0.05480637284364168,-0.032874121184984555,0.010055202744457268,-0.058452709598648796,-0.05456086116726131,0.03318370105949624,-0.02821834092281986,0.026524316318113014,0.03025316182249404,-0.02458334728311887,-0.0031112731005246805,-0.029958595057304797,-0.02358869201144693,0.002330312734939171,0.004083313165739651,-0.01953803676124108,-0.029644928479536883,-0.006807536969364311,0.0068477744969229655,-0.00707201626924677,0.007917322215625413,0.0036808225556005233,-0.007927400663126036,0.01283451548671819,-0.004606585813566077,-0.042218681451501726,0.0168387460848144,0.004093494031652763,0.030222876892409472,-0.047690651927789394,0.0025802855198601596,0.03300670834163896,-0.0023835245577114813,-0.009458357312106529,-0.06299710118986439,-0.040652369582648215,-0.04832481430531321,-0.0583662577354498,-0.05320861325569997,0.027149409509597263,-0.027723309452696708,-0.03565198108617371,0.041740448079468494,-0.02772515187853111,-0.006053426620552188,-0.05855111262401867,-0.02520133737212374,-0.04909597071394162,0.0037670680362472723,-0.008594768565147919,0.011788004281653247,-0.01117228885816797,0.005602025411288239,-0.01499843530965657,0.02089970812644137,-0.007758506776600972,-0.021650706308456613,0.0036904054653880566,0.011859908838785087,-0.019045412062040603
36,1,2.1,2.0,41,1,1582964.543,-0.0040583057034530405,-0.04425393121567711,0.05621243395748491,-0.07145832642961576,-0.0010142874457757828,0.037236115831927694,0.015448757289990666,0.034584306832255815,-0.04726135489980778,-0.04915821830603827,-0.056327401289600815,-0.082831070959674,-0.07616605187221094,0.05465079863779321,0.004932035166915046,0.032809952678763764,0.04117045573184606,-0.011784998619347094,0.020609539247741688,-0.066493925518903,-0.012533447098104009,-0.03549768735942653,0.017215703047734017,-0.007221776269322994,-0.015583394095461387,-0.021006415334711488,0.005457212567578333,-0.004158586844223726,0.034318454394230265,0.02790699637926506,-0.047565536810514085,0.0026255053606905137,0.04291565906187128,-0.009352343667517452,0.045467250368829815,-0.030259730148976108,0.022446957277791144,-0.06394306765931362,0.005399332032026528,0.04853995289209697,0.004755197508413241,0.03933783626713762,-0.06225262962495949,-0.052964698535308,-0.07257340839853739,-0.08876864110252827,-0.06318761242652926,0.03083498386376016,0.021193812763500988,0.022096014128623928,-0.010892796934022349,-0.030226858551455054,-0.018113959248464956,-0.07848837724169448,-0.014310157277106019,-0.06561145977303405,0.013195832478565112,-0.01666171434385617,-0.0365128027480513,-0.022315512959008174,0.004113648612738652,-0.0032033573378874355,0.04269551482321567,0.02263029437597971,-0.03716107872083352,0.016672445833185813,0.03140516629814457,0.011779209991744453
37,2,3.1,2.4,25,1,1608904.6,0.05575860506952077,0.015502907315033768,0.02588658457127103,-0.08455108490735623,0.013446110948513968,0.04516036193161244,0.028828059055816795,0.033961402477041006,-0.06102640345271958,-0.03090751875952584,-0.0597909226504543,-0.07618114544372968,-0.040371444461441114,0.04367435752663376,0.03749242887991856,0.027535185849249667,0.045984094146215626,-0.03011426128716191,-0.05809508637794211,-0.0858438757370755,-0.005551456638672931,-0.06262120150260798,0.020712891335091112,-0.005504873782186683,-0.013316019272958468,-0.014010463087935873,0.021296857579938717,0.010769485503556765,0.04818926550599412,0.022063822697249245,-0.06799012246806826,0.0027456660564134684,-0.06762756460297419,-0.014110233735716687,0.043851765374597,0.011128731528490022,0.03225593079648921,-0.08475761889298225,-0.018148346712890822,0.05328522818803065,0.008196575712156835,0.017417303608943016,-0.06591816455131784,-0.023720037639013807,-0.019733249845561938,-0.08328085999912481,-0.0007383052102168825,0.06031300812454226,0.04047753638518785,0.014955527208311867,-0.0019876935086986193,-0.04558135459065988,-0.000743273657758683,-0.08985232540068874,-0.022623173278060304,-0.0660115733707554,0.019943953820853046,0.003086276262295393,0.0016473391080808301,-0.011935872035904701,0.022988117777867557,0.0064064277265223095,0.050018823087393305,0.004646075180566405,-0.06316521748338122,0.029643726957520978,-0.0784201221548737,-0.016647166135591734
39,2,0.0,0.0,36,1,1555040.668,0.03150030223755091,0.029558209101948597,0.017431691706906727,-0.058474087276777,-0.002521799059658587,0.016484579509858384,0.02484887351197483,-0.0272125270905989,-0.058982911668111905,-0.0236884480142692,-0.05439964075803673,-0.05464990983027563,-0.06293045673187163,0.03691462017752205,-0.011584507781790843,0.02674926571572642,0.034629055422050165,-0.05117819663921823,-0.016143478203005865,-0.04514905715286356,0.007414474682689809,-0.0530629482073242,0.015095036844122394,-0.01575804378964122,0.0005285046504253878,-0.02021755444916091,0.0140607780827825,0.0070402225706397295,0.02286100944858306,0.025243531288511607,-0.049916924448457495,-0.021169229743548765,-0.011693852489182869,0.006311997738260671,0.01566493499365267,-0.013978156045489161,-0.05344059271122975,-0.055723040199499224,-0.01003775196201811,0.018715402569042437,0.017404382242817946,0.0005313159870245772,-0.04795026111853824,-0.011000742082890492,-0.06368517293390266,-0.059070958856470485,-0.020996053325634177,0.028000233059030336,0.010467091214705291,0.02291791490116173,0.03027526074936438,-0.0564561929459545,-0.021455177551546738,-0.0547698098697777,-0.02919905211005804,-0.011946481238826434,0.006763305070978118,-0.007411564051326642,-0.02353293207104823,-0.014635784257381792,0.009829850573781508,0.0012674428197466702,0.030829759390930713,-0.011323689054137512,-0.05156584466746402,-0.03319413738815804,-0.014750485077749932,-0.010024619350014525
41,2,6.8,1.2,33,1,1536095.526,0.038713434478194426,-0.008205808864308467,0.013813163750009213,-0.07890155223952237,0.010868898066172366,0.03567589143124571,-0.005697444497806056,0.0381592504384872,-0.03595532644083244,-0.03658760766227522,-0.053230176792409344,-0.06280118753711755,9.880912797294388e-05,0.04766168666137192,0.027571321100966103,0.023952315244011774,0.027174744483451595,-0.029167460655109185,-0.049563583246981326,-0.07589620408912043,-0.017563448321973468,0.002839242753535322,-0.007011353954509306,-0.04344555920115375,0.0055231579853330815,-0.029403265833912028,-0.005590470791612584,-0.021300357326643853,0.026378060090189295,-0.004308427893215258,-0.050694288071267656,0.00011618489235586343,-0.04836228986926208,0.00523124880022231,0.04272101963469477,0.010023393855906254,-0.027936002595520523,-0.07424611244483433,0.011843010325507353,0.036446622551603684,-0.015809936120173135,0.05057529730707974,-0.0001261123755741124,-0.02749091299308277,-0.040459114989610745,-0.07185846839411135,-0.000614954729930099,0.0405994852251551,0.027878241198765176,-0.05163835858506844,-0.025381162218827975,-0.02194698851493232,0.04061767208081966,-0.07621075049968652,-0.01735310186376202,-0.007861759984762495,0.0036515190002781536,-0.026130846681100876,-0.0005911929529836372,-0.037180717371670766,-0.0064704725769854435,-0.030067026913515742,0.03323648796123421,-0.02166996025979179,-0.052208374698590236,-0.01152348887035515,-0.008049066567972253,0.005840793242134958
42,1,2.1,0.9,37,1,1680500.487,0.09074659231044745,-0.08916249581249695,0.07925774526605656,-0.11047073685629973,-0.06639814019719208,0.08603960959316542,0.0681177427625677,0.10048182887229692,-0.11359191497420168,0.005425608180545537,-0.012852790885006555,-0.11365899331234121,-0.08600842688233426,0.07762015750362505,-0.013033684109751505,0.06772277580288057,0.08313296235527406,-0.09047944846497798,0.03225038120244331,-0.11403969075994234,0.019759744646637194,-0.09646568031972372,0.07760466691074858,0.06519469338847943,-0.007604072309258409,0.021412058614290425,0.0680369873328177,0.03795556244747266,0.10684325400964115,0.06474609055559383,-0.08600690075866302,-0.05277671309288759,-0.014908316684755786,-0.05721337994397579,0.10254873757499543,-0.058685114544854367,0.06727194101703617,-0.13535226621567834,-0.08488030936326525,0.09128218639575292,0.06082913376849529,0.08783713757760142,-0.10844151920000389,0.025439632093405367,-0.1055395223677905,-0.11287401247921218,0.050792177556160605,0.08341507265371761,-0.011070442604413533,0.06265075702916093,0.02186721209210507,-0.06922116217317188,0.0523850752317909,-0.09957773368407336,0.02852894101832973,-0.09492137254009904,0.07322410833920036,0.035913563418228954,-0.027517581796582143,0.031699319436549,0.06867297635548761,0.059074765720575136,0.09300520706146052,0.08606269811208837,-0.09546277612007383,-0.07114495413014912,-0.027168565537634592,-0.00690474722298876
43,2,4.7,0.4,44,1,1541463.885,0.03655527439552444,-0.003071077706084358,0.03789520654553169,-0.07484666683803687,-0.0056297279440892115,-0.03653310002840486,0.02686466122348322,0.030991935405743052,-0.055430110009425486,-0.026136731999668025,-0.030092030996640217,-0.059886183369362765,-0.03785570355761415,0.03795404589256665,0.013005910149424114,0.021411333276318487,0.009483567317241128,-0.034208723701552174,-0.005311082594409651,-0.06631983031056136,-0.007547235148657822,-0.01765704123130924,0.022649041703834385,-0.009182112007148729,-0.00581207975279813,-0.004208626878359301,0.023593192273986815,0.009904413312211974,0.03523639758038549,0.029726312528018578,-0.040980962449601914,0.0004190894768376707,-0.05323030508366852,-0.022971535812399066,0.008954649708196412,0.01257393990803453,0.039265596764591335,-0.07267241434462,-0.05189232598575399,-0.01200658649863091,0.014104341524852279,-0.0017918100403770108,-0.0648217261954656,-0.019975768635395203,-0.07061209396051742,-0.0654361981458386,-0.04645495669651165,0.03161855185930511,-0.014887754336630582,0.023360369716419572,0.0015867943364205315,-0.03289406015175376,-0.03879624997413842,-0.06936618537713657,-0.009248544687706759,-0.032719978295903576,0.021496056936560773,0.005726470566801255,-0.005781414024727689,-0.004407943366001242,0.024763103647465375,0.005689102559670045,0.031936308200243374,0.012730222702118972,-0.039184273855612045,-0.009913753487680307,-0.03516732439267575,0.010481190041295435
45,1,4.8,2.6,29,2,923263.1776,0.009064776679061448,0.00733591302387028,0.015658969654903335,-0.05330125065187032,-0.016584138769921423,0.025163973635267834,0.006132393162313939,0.028530196674054053,-0.03279063744272105,-0.012388476640775673,-0.05096243834218372,-0.04303732270985515,-0.04598189623717897,0.031754854220408135,0.0026988866427337366,0.020189694401074404,-0.005281207561387368,-0.03885473355319009,-0.03952926505984112,-0.05494178656202206,-0.0020455326828493466,-0.030471798847391176,0.008278341030011203,-0.00013715068085709753,-0.013604828634252455,-0.002264293570065556,0.008885501790018829,-0.0005524692747770526,0.023669464470516297,0.0074015304644314776,-0.034680103541126994,-0.017823012217576678,-0.04213908584319099,-0.003730071587214892,0.002456476468140861,-0.006390744727934071,-0.004034068825988128,-0.05183312347038972,-0.021743069451116967,0.00838920897106746,-0.0025655154863439816,-0.004267803765173449,-0.03271781638212878,-0.01571737729453518,-0.049839040196254264,-0.038669392417052695,-0.028162294223553833,0.025342563882616354,-0.0030954814348675857,0.014703289391181727,-0.0010087148915753918,-0.03857085001441834,0.001636459448515174,-0.05364833940401206,-0.004112970310715671,-0.03950105524229077,0.007352341247536331,0.0012021785268149746,-0.027502940690113428,-0.007241622324344717,0.0074410345532039505,0.0003917007347645475,0.018406215323693256,-0.009205337593779029,-0.040869155961154036,-0.047674267475113344,-0.049133633737484105,-0.0014948521126532874
46,1,1.5,1.05,40,1,1559457.331,0.011071691648408573,0.02115907373097881,0.04713971947803045,-0.07872435812036671,0.005747815739152445,0.03262760799382996,0.0154750814785848,0.043842361418231626,-0.05370835554116047,-0.04914691282384036,0.008888595893186024,-0.08104085721159957,-0.05749636179842646,0.044323918455910445,0.020447564693375938,0.011694903474572478,0.052548006378577164,-0.028880193065485255,-0.03941216077736146,-0.06766230133114164,-0.017268774479969717,-0.04254859298283744,0.013521741100294306,-0.03533140556310209,-0.02339812232483811,-0.0047738570741543696,0.014832983689106913,-0.010441485243532058,0.032231437775559195,-0.0037748303425019455,-0.03609445048032127,0.011609170885721656,-0.0411696791600896,-0.029841708476935912,0.036871861186744306,0.007074526596361643,0.029004176840207434,-0.0773480703960807,0.010382547208870519,0.007607177124470363,-0.00446016149948984,0.0014280949135840996,-0.05520405638584263,-0.037034662491225,-0.07714396779514518,-0.08116855558778022,-0.051768358380552514,0.04758996073509214,0.0078794213699539,0.02582479992722322,0.04510954763057267,-0.048499522921260474,-0.006070643530199487,-0.07171306198269607,-0.013886304690040867,-0.03503412841415917,0.01222566470913854,-0.010357053514195759,4.522926306775401e-05,-0.023449376341623022,0.01825291776832294,-0.005857392158379069,0.04367591045798261,0.01125047280269148,-0.036941321758318,0.008584880351234121,-0.03992237813184371,-0.015665211775327557
47,1,0.4,0.2,25,1,1571263.237,0.07825379339669149,-0.04919491132907531,0.053845684818753285,-0.11992495222958288,0.012442838215947988,0.03286298479513283,0.04811223329709522,0.09141847708931168,-0.07854057136142738,-0.058791899252532774,0.007810550068645136,-0.12914468324641734,-0.04834681252779273,0.08998593775039347,0.05538952117231413,0.07750788946919539,0.09767705085660422,-0.06365347870269947,-0.0416767521194397,-0.12270691767503739,0.006605532053169949,-0.06368965094866083,0.062085634969192886,0.007682440848917189,-0.02088556198463223,-0.03534996960128697,0.020715567059967185,0.012713639902680469,0.076660474580212,0.03266950466921749,-0.036203202498172916,0.020448065094519578,0.09351963802834438,0.02905300685374003,0.0761380037438038,-0.01948175795568841,0.04070640350711997,-0.12754117175824828,0.045768944731567,-0.01759287393091635,0.017747656057641014,0.0922680515689916,-0.0815295783405606,-0.04703125618714488,-0.04914618088206163,-0.12735257246655682,-0.10033891896845219,0.08846488424213064,0.0625300963337335,0.08608453617139697,0.05197556920624377,-0.05181397976798518,-0.010868587021983376,-0.12009528848408019,-0.007748586539092566,-0.06629693210463737,0.056351621475233885,0.015338528904010855,-0.05944776959452808,-0.025198112826530224,0.03397272149749573,-0.0021514004939299424,0.09259001235679795,0.05320792759204781,-0.0664518094578667,-0.05372896448259207,-0.04966610491160277,0.037589477443375326
48,2,6.9,2.9,30,1,1668046.417,0.002253481459015624,-0.05496705417572144,0.03489827121787338,-0.03434326372780472,-0.025411553231675283,-0.010078743159405821,0.02781096298108233,-0.021037943516697577,-0.06455545925995808,-0.007236563658906774,-0.04432651696672434,-0.03795052956348735,-0.06117386363087932,0.03351457083970332,-0.028954357525577335,0.00048636704517670816,0.0267864102319521,-0.04099264783061109,-0.015114023871554022,-0.03238832046956047,-0.006075948550932546,-0.06168092803865295,0.014914820205857821,0.017949958566981415,-0.061752861872242534,0.006798006455653364,0.020522719549748082,0.011937064859876714,0.021745609151169302,0.027220550951850622,-0.02139958997900878,-0.018381689825491543,-0.023187020608609516,-0.029289054409349938,0.003711890523806426,-0.04645638847846357,0.03405641183598463,-0.04967712351637122,-0.03669325248868647,0.013793008790734163,0.021450911923376677,0.030584513920969555,-0.06604912855227142,-0.00474129062145729,-0.05194912850655666,-0.042971181141944946,-0.04738530588945818,0.025348957698957796,-0.007352560798355868,0.013647625967035998,0.022048562299056787,-0.026658774952639568,-0.03489076009880578,-0.034707120993750895,-0.00606116789667505,-0.06001215118275988,0.011321946167306899,0.01828337251399922,-0.048845249057410244,0.005899783627813894,0.020531518976779867,0.017492027470115173,0.015389131628300698,0.02413895474885963,-0.03758934918078918,-0.02340210285842806,0.015378100301449501,-0.01838713895612233
49,2,0.3,0.0,27,1,1152346.202,0.06238914180181841,0.007062074465572986,-0.020286821252513448,-0.09417032495728282,0.0031847566278281362,0.04749853486405393,0.02204116288657631,0.060223298228810375,-0.05624627156182386,-0.027778386640748266,-0.0277502071388665,-0.09562652310383864,-0.0848517983757705,0.06196296566823064,0.008714953341703737,0.025348224318517514,0.022424154668478025,-0.05762912825119145,0.011880041918596932,-0.08585421531312352,-0.004144352726410176,-0.025808810123233973,0.028086456788615856,-0.021159809624061412,-0.007149384776446604,-0.0018950605203161025,0.029043584018147446,0.00629481170175323,0.04851591741177386,-0.010813935951762506,-0.05177189201649796,0.0008816888835509835,-0.005175307348765177,0.01395153048145359,0.057956345359902524,0.018269660021506765,0.032576920800620614,-0.09256913392130517,-0.002930998085059907,0.04988828081458721,0.011942853816017248,0.028535917659388198,-0.061689323702095865,-0.020221530763247383,-0.06843413033961471,-0.0994789137020535,-0.07277780608154288,0.0543695244592416,0.03109264103429751,0.036759997730960885,0.01815817570856605,-0.0672147740711294,-0.022886631068412034,-0.09490913947745228,-0.008831477028869139,-0.04310988046514855,0.03753598497775115,-0.014679280196292374,0.007843287967602974,-0.02569379659069985,0.027024055560501182,0.0015593655609959071,0.05195660275822753,0.018973235817597325,-0.04322804111670701,0.0005482920369117124,-0.019768427172147107,0.020211286411241685
50,1,2.5,0.5,34,1,1478053.691,0.06734198662195832,-0.006865560153270516,0.04875723007673317,-0.10352943268141049,-0.006219106345996386,0.02570173932897637,0.022090475134170652,0.044381117308734064,-0.06678225873470064,-0.039654185573776334,-0.05123362686917963,-0.09791372147345667,-0.06846506571387515,0.06520088954065327,-0.007132535493209643,0.06771524841359178,0.044947211034719645,-0.03235253151010958,-0.03260526053851135,-0.09734132596731658,0.003249975030833042,-0.04869889708842501,0.03058767546644019,0.013934402420240842,-0.0027745456585095735,-0.01163956575132542,0.030071652856400732,0.0019449710534176362,0.05570112346463977,0.04286590631059134,-0.05246407828869769,-0.041480393254808144,-0.04763483685493399,-0.023235316816549834,0.07546772010312464,-0.01351525172926354,0.06862459709414155,-0.09773269693021155,-0.0012358482663307423,0.06777505585019819,0.0019345182480730095,0.06313961626427467,-0.08325184752364212,-0.04387797173953965,-0.08303809402276688,-0.0985196345983431,-0.06837748636409163,0.06870529572735064,0.017445726798785453,0.022378839258467627,0.05995796417899741,-0.02528372983142393,0.021329479547714903,-0.0910156511604554,-0.004444376244886006,-0.04414112874284954,0.03956520741370961,-0.005498620310285493,-0.0009787877927080236,-0.011807370877787111,0.030744946214965468,0.00868266934835536,0.062490075414838656,0.028611151084124774,-0.06392232425103603,0.020638743562363376,-0.06990592885526843,0.025112187074869508
52,1,0.9,3.5,36,1,1122671.404,0.023498926697570373,0.00507794236241344,0.02423729517927106,-0.07345999358904504,-0.04788796217449407,0.023086160140624316,0.03488833703061623,0.03836156091428346,-0.0493036362750973,-0.006935819100698996,-0.06402126987312941,-0.05335027802762798,-0.01562897447286751,0.05114888008618824,0.01917579155206842,0.0063539862652435535,-0.0017330608882972776,-0.04340495956480289,-0.020825003690509755,-0.06668212704940267,0.01776742186751925,-0.031594626531157036,0.03257924479759977,0.006954150280298475,-0.024404134822905644,0.001890185104943468,0.03966103948232188,0.032124377291480134,0.0435302873045675,0.03051814165870116,-0.06897411748618948,-0.021380876402280573,-0.05500393225700394,-0.023344836435384073,0.02887673957049361,-0.021481036105303226,0.03735080575489974,-0.072060729071818,-0.053950699542363076,0.04140135719546801,0.02922140811974118,-0.038584737162430445,-0.039508972403197395,2.6524314373545017e-05,-0.07228591315909191,-0.050588569148137245,-0.06500457719551558,0.043409349147246416,0.004152849548989054,0.01801829392048356,-0.010955535404509187,-0.06450139707604063,-0.0516330798906598,-0.057348690001781694,0.016354714479006383,-0.0024244709508729296,0.019771077748689598,0.01623834624384164,-0.03659467612363569,-0.0076348027548335156,0.03871174098242635,0.012442496740622507,0.03439290704830437,0.03311330787402574,-0.06515249633575668,-0.03618699509801791,-0.07183268957972691,-0.013908803218962726
53,2,3.0,1.6,38,1,1601462.145,0.01707427338954338,0.005593633480634287,0.04462215928894869,-0.05562929801071317,-0.024481956310350904,0.029237445136199497,0.023200068498328986,0.013132119365489843,-0.06734436014115082,-0.024274218477744757,-0.0696371727104044,-0.060527477901678194,-0.07732845811587397,0.05475988513935985,-0.020660572768807634,0.02320115762875212,0.026195043919373284,-0.03875483605701163,-0.01559412305028635,-0.06051350614521496,-0.0019035614370993756,-0.06194769307759166,0.03142850897720053,0.00521355017439883,0.0025355101857112627,0.01129795550361393,0.03634684870322676,0.01571131982887939,0.032346520084125044,0.03694711985929575,-0.05451211348795605,-0.004047999675794689,-0.054765058534122696,-0.04739269872111173,0.04149884388160018,-0.05208489152496188,0.05253227865647973,-0.06573309386596984,-0.02930346780546268,0.050013453431891806,0.02896215344305865,0.044766111901613434,-0.06943671686974945,-0.030846120560264898,-0.0499230388843242,-0.07432743960171104,-0.06848172996453114,0.04724992955295466,-0.014879385321394059,0.021046764523487558,0.040853986963043584,-0.05973380246968585,-0.030250661592059847,-0.05115499595314098,-0.00417863037358661,-0.07803565257416523,0.031857059691343524,0.03297888801709541,0.00017002135874529496,0.01309453260127358,0.031278118321809635,0.0274426212307367,0.039697458269531215,0.031765130233637875,-0.04487072018772055,-0.016093502241671692,-0.043398221428544694,-0.046362764906232944
54,2,2.1,0.0,44,2,1019487.271,0.023062491324791472,-0.0030317603924397336,0.0006466264479734362,-0.06022440097858682,0.014031617932675473,-0.0007322599692128513,-0.007726243847881755,0.02304320276215026,-0.03557925447210134,-0.03221056337335308,-0.0011106151775740548,-0.0634687659949118,-0.05214820740905779,0.035567128774740955,0.009895238745313754,-0.02979996044276239,0.020131564512272573,-0.019906134504771758,0.017985305883100506,-0.06224580501882113,-0.005427554168648301,-0.027545432396301747,-0.00041882156920423636,-0.019149535183029347,-0.004218115551352409,-0.01338139716172774,-0.007319062283439119,-0.019964125957496123,0.027594710181439844,-0.00993568740247499,-0.02969755996066126,-0.010781731587793367,-0.028947413487598907,-0.020020749134825783,0.025403973306911132,-0.008768033632023971,0.007806813937992604,-0.06283799669882369,0.009899479324533101,0.029984345239333427,-0.006750679676940932,0.0004089980267741115,-0.03781673908551131,-0.03295577158541445,-0.05731147347480945,-0.06504560368444245,-0.011853536118955314,0.025418774790918565,0.00917150986101058,0.011041593541443278,0.000528054124998408,-0.03798006740922817,0.029007113730975576,-0.05954057523228294,-0.012004931158272968,-0.03499927835583087,0.0012299485833935546,-0.016422665813380186,-0.007258383891704568,-0.029540327771072596,-0.0007058087247304739,-0.008840905996764889,0.026035261244698068,0.00673022052774893,-0.034338068211835014,-0.006398651703845969,-0.04909692882933101,-0.016872754350274646
